0 verbose cli /usr/bin/node /usr/bin/npm
1 info using npm@10.8.2
2 info using node@v20.20.2
3 silly config load:file:/usr/lib/node_modules/npm/npmrc
4 silly config load:file:/home/user/.npmrc
5 silly config load:file:/usr/etc/npmrc
6 verbose title npm install
7 verbose argv "install" "--loglevel" "silent"
8 verbose logfile logs-max:10 dir:/home/user/.npm/_logs/2026-09-12T11_55_11_899Z-
9 verbose logfile /home/user/.npm/_logs/2026-09-12T11_55_11_899Z-debug-0.log
10 silly packumentCache heap:998768640 maxSize:249692160 maxEntrySize:124846080
11 silly logfile done cleaning log files
12 silly idealTree buildDeps
13 silly fetch manifest react@^18.3.1
14 silly packumentCache full:https://registry.npmjs.org/react cache-miss
15 http fetch GET 200 https://registry.npmjs.org/npm 158ms
16 http fetch GET 200 https://registry.npmjs.org/react 213ms (cache miss)
17 silly packumentCache full:https://registry.npmjs.org/react set size:undefined disposed:false
18 silly fetch manifest react-dom@^18.3.1
19 silly packumentCache full:https://registry.npmjs.org/react-dom cache-miss
20 http fetch GET 200 https://registry.npmjs.org/react-dom 180ms (cache miss)
21 silly packumentCache full:https://registry.npmjs.org/react-dom set size:undefined disposed:false
22 silly fetch manifest @supabase/supabase-js@^2.45.0
23 silly packumentCache full:https://registry.npmjs.org/@supabase%2fsupabase-js cache-miss
24 http fetch GET 200 https://registry.npmjs.org/@supabase%2fsupabase-js 104ms (cache miss)
25 silly packumentCache full:https://registry.npmjs.org/@supabase%2fsupabase-js set size:undefined disposed:false
26 silly fetch manifest @types/react@^18.3.4
27 silly packumentCache full:https://registry.npmjs.org/@types%2freact cache-miss
28 http fetch GET 200 https://registry.npmjs.org/@types%2freact 91ms (cache miss)
29 silly packumentCache full:https://registry.npmjs.org/@types%2freact set size:undefined disposed:false
30 silly fetch manifest @types/react-dom@^18.3.0
31 silly packumentCache full:https://registry.npmjs.org/@types%2freact-dom cache-miss
32 http fetch GET 200 https://registry.npmjs.org/@types%2freact-dom 46ms (cache miss)
33 silly packumentCache full:https://registry.npmjs.org/@types%2freact-dom set size:undefined disposed:false
34 silly fetch manifest @vitejs/plugin-react@^4.3.1
35 silly packumentCache full:https://registry.npmjs.org/@vitejs%2fplugin-react cache-miss
36 http fetch GET 200 https://registry.npmjs.org/@vitejs%2fplugin-react 38ms (cache miss)
37 silly packumentCache full:https://registry.npmjs.org/@vitejs%2fplugin-react set size:undefined disposed:false
38 silly fetch manifest vite@^5.4.0
39 silly packumentCache full:https://registry.npmjs.org/vite cache-miss
40 http fetch GET 200 https://registry.npmjs.org/vite 1123ms (cache miss)
41 silly packumentCache full:https://registry.npmjs.org/vite set size:undefined disposed:false
42 silly fetch manifest @types/node@^18.0.0 || >=20.0.0
43 silly packumentCache full:https://registry.npmjs.org/@types%2fnode cache-miss
44 http fetch GET 200 https://registry.npmjs.org/@types%2fnode 176ms (cache miss)
45 silly packumentCache full:https://registry.npmjs.org/@types%2fnode set size:undefined disposed:false
46 silly fetch manifest less@*
47 silly packumentCache full:https://registry.npmjs.org/less cache-miss
48 http fetch GET 200 https://registry.npmjs.org/less 68ms (cache miss)
49 silly packumentCache full:https://registry.npmjs.org/less set size:undefined disposed:false
50 silly fetch manifest lightningcss@^1.21.0
51 silly packumentCache full:https://registry.npmjs.org/lightningcss cache-miss
52 http fetch GET 200 https://registry.npmjs.org/lightningcss 26ms (cache miss)
53 silly packumentCache full:https://registry.npmjs.org/lightningcss set size:undefined disposed:false
54 silly fetch manifest sass@*
55 silly packumentCache full:https://registry.npmjs.org/sass cache-miss
56 http fetch GET 200 https://registry.npmjs.org/sass 41ms (cache miss)
57 silly packumentCache full:https://registry.npmjs.org/sass set size:undefined disposed:false
58 silly fetch manifest sass-embedded@*
59 silly packumentCache full:https://registry.npmjs.org/sass-embedded cache-miss
60 http fetch GET 200 https://registry.npmjs.org/sass-embedded 32ms (cache miss)
61 silly packumentCache full:https://registry.npmjs.org/sass-embedded set size:undefined disposed:false
62 silly fetch manifest stylus@*
63 silly packumentCache full:https://registry.npmjs.org/stylus cache-miss
64 http fetch GET 200 https://registry.npmjs.org/stylus 28ms (cache miss)
65 silly packumentCache full:https://registry.npmjs.org/stylus set size:undefined disposed:false
66 silly fetch manifest sugarss@*
67 silly packumentCache full:https://registry.npmjs.org/sugarss cache-miss
68 http fetch GET 200 https://registry.npmjs.org/sugarss 22ms (cache miss)
69 silly packumentCache full:https://registry.npmjs.org/sugarss set size:undefined disposed:false
70 silly fetch manifest postcss@^8.4.40
71 silly packumentCache full:https://registry.npmjs.org/postcss cache-miss
72 http fetch GET 200 https://registry.npmjs.org/postcss 38ms (cache miss)
73 silly packumentCache full:https://registry.npmjs.org/postcss set size:undefined disposed:false
74 silly fetch manifest terser@^5.4.0
75 silly packumentCache full:https://registry.npmjs.org/terser cache-miss
76 http fetch GET 200 https://registry.npmjs.org/terser 42ms (cache miss)
77 silly packumentCache full:https://registry.npmjs.org/terser set size:undefined disposed:false
78 silly fetch manifest typescript@^5.5.4
79 silly packumentCache full:https://registry.npmjs.org/typescript cache-miss
80 http fetch GET 200 https://registry.npmjs.org/typescript 234ms (cache miss)
81 silly packumentCache full:https://registry.npmjs.org/typescript set size:undefined disposed:false
82 silly fetch manifest tailwindcss@^3.4.7
83 silly packumentCache full:https://registry.npmjs.org/tailwindcss cache-miss
84 http fetch GET 200 https://registry.npmjs.org/tailwindcss 181ms (cache miss)
85 silly packumentCache full:https://registry.npmjs.org/tailwindcss set size:undefined disposed:false
86 silly fetch manifest autoprefixer@^10.4.19
87 silly packumentCache full:https://registry.npmjs.org/autoprefixer cache-miss
88 http fetch GET 200 https://registry.npmjs.org/autoprefixer 46ms (cache miss)
89 silly packumentCache full:https://registry.npmjs.org/autoprefixer set size:undefined disposed:false
90 silly placeDep ROOT @supabase/supabase-js@2.109.0 OK for: halqati@1.0.0 want: ^2.45.0
91 silly placeDep ROOT @types/react@18.3.31 OK for: halqati@1.0.0 want: ^18.3.4
92 silly placeDep ROOT @types/react-dom@18.3.7 OK for: halqati@1.0.0 want: ^18.3.0
93 silly placeDep ROOT @vitejs/plugin-react@4.7.0 OK for: halqati@1.0.0 want: ^4.3.1
94 silly placeDep ROOT vite@5.4.21 OK for: @vitejs/plugin-react@4.7.0 want: ^4.2.0 || ^5.0.0 || ^6.0.0 || ^7.0.0
95 silly placeDep ROOT autoprefixer@10.5.6 OK for: halqati@1.0.0 want: ^10.4.19
96 silly placeDep ROOT postcss@8.5.28 OK for: autoprefixer@10.5.6 want: ^8.1.0
97 silly placeDep ROOT react@18.3.1 OK for: halqati@1.0.0 want: ^18.3.1
98 silly placeDep ROOT react-dom@18.3.1 OK for: halqati@1.0.0 want: ^18.3.1
99 silly placeDep ROOT tailwindcss@3.4.19 OK for: halqati@1.0.0 want: ^3.4.7
100 silly placeDep ROOT typescript@5.9.3 OK for: halqati@1.0.0 want: ^5.5.4
101 silly fetch manifest @supabase/auth-js@2.109.0
102 silly packumentCache full:https://registry.npmjs.org/@supabase%2fauth-js cache-miss
103 http fetch GET 200 https://registry.npmjs.org/@supabase%2fauth-js 57ms (cache miss)
104 silly packumentCache full:https://registry.npmjs.org/@supabase%2fauth-js set size:undefined disposed:false
105 silly fetch manifest @supabase/storage-js@2.109.0
106 silly packumentCache full:https://registry.npmjs.org/@supabase%2fstorage-js cache-miss
107 http fetch GET 200 https://registry.npmjs.org/@supabase%2fstorage-js 61ms (cache miss)
108 silly packumentCache full:https://registry.npmjs.org/@supabase%2fstorage-js set size:undefined disposed:false
109 silly fetch manifest @supabase/realtime-js@2.109.0
110 silly packumentCache full:https://registry.npmjs.org/@supabase%2frealtime-js cache-miss
111 http fetch GET 200 https://registry.npmjs.org/@supabase%2frealtime-js 65ms (cache miss)
112 silly packumentCache full:https://registry.npmjs.org/@supabase%2frealtime-js set size:undefined disposed:false
113 silly fetch manifest @supabase/functions-js@2.109.0
114 silly packumentCache full:https://registry.npmjs.org/@supabase%2ffunctions-js cache-miss
115 http fetch GET 200 https://registry.npmjs.org/@supabase%2ffunctions-js 61ms (cache miss)
116 silly packumentCache full:https://registry.npmjs.org/@supabase%2ffunctions-js set size:undefined disposed:false
117 silly fetch manifest @supabase/postgrest-js@2.109.0
118 silly packumentCache full:https://registry.npmjs.org/@supabase%2fpostgrest-js cache-miss
119 http fetch GET 200 https://registry.npmjs.org/@supabase%2fpostgrest-js 69ms (cache miss)
120 silly packumentCache full:https://registry.npmjs.org/@supabase%2fpostgrest-js set size:undefined disposed:false
121 silly fetch manifest csstype@^3.2.2
122 silly packumentCache full:https://registry.npmjs.org/csstype cache-miss
123 http fetch GET 200 https://registry.npmjs.org/csstype 41ms (cache miss)
124 silly packumentCache full:https://registry.npmjs.org/csstype set size:undefined disposed:false
125 silly fetch manifest @types/prop-types@*
126 silly packumentCache full:https://registry.npmjs.org/@types%2fprop-types cache-miss
127 http fetch GET 200 https://registry.npmjs.org/@types%2fprop-types 28ms (cache miss)
128 silly packumentCache full:https://registry.npmjs.org/@types%2fprop-types set size:undefined disposed:false
129 silly fetch manifest @babel/core@^7.28.0
130 silly packumentCache full:https://registry.npmjs.org/@babel%2fcore cache-miss
131 http fetch GET 200 https://registry.npmjs.org/@babel%2fcore 54ms (cache miss)
132 silly packumentCache full:https://registry.npmjs.org/@babel%2fcore set size:undefined disposed:false
133 silly fetch manifest react-refresh@^0.17.0
134 silly packumentCache full:https://registry.npmjs.org/react-refresh cache-miss
135 http fetch GET 200 https://registry.npmjs.org/react-refresh 170ms (cache miss)
136 silly packumentCache full:https://registry.npmjs.org/react-refresh set size:undefined disposed:false
137 silly fetch manifest @types/babel__core@^7.20.5
138 silly packumentCache full:https://registry.npmjs.org/@types%2fbabel__core cache-miss
139 http fetch GET 200 https://registry.npmjs.org/@types%2fbabel__core 33ms (cache miss)
140 silly packumentCache full:https://registry.npmjs.org/@types%2fbabel__core set size:undefined disposed:false
141 silly fetch manifest @rolldown/pluginutils@1.0.0-beta.27
142 silly packumentCache full:https://registry.npmjs.org/@rolldown%2fpluginutils cache-miss
143 http fetch GET 200 https://registry.npmjs.org/@rolldown%2fpluginutils 42ms (cache miss)
144 silly packumentCache full:https://registry.npmjs.org/@rolldown%2fpluginutils set size:undefined disposed:false
145 silly fetch manifest @babel/plugin-transform-react-jsx-self@^7.27.1
146 silly packumentCache full:https://registry.npmjs.org/@babel%2fplugin-transform-react-jsx-self cache-miss
147 http fetch GET 200 https://registry.npmjs.org/@babel%2fplugin-transform-react-jsx-self 35ms (cache miss)
148 silly packumentCache full:https://registry.npmjs.org/@babel%2fplugin-transform-react-jsx-self set size:undefined disposed:false
149 silly fetch manifest @babel/plugin-transform-react-jsx-source@^7.27.1
150 silly packumentCache full:https://registry.npmjs.org/@babel%2fplugin-transform-react-jsx-source cache-miss
151 http fetch GET 200 https://registry.npmjs.org/@babel%2fplugin-transform-react-jsx-source 29ms (cache miss)
152 silly packumentCache full:https://registry.npmjs.org/@babel%2fplugin-transform-react-jsx-source set size:undefined disposed:false
153 silly fetch manifest rollup@^4.20.0
154 silly packumentCache full:https://registry.npmjs.org/rollup cache-miss
155 http fetch GET 200 https://registry.npmjs.org/rollup 121ms (cache miss)
156 silly packumentCache full:https://registry.npmjs.org/rollup set size:undefined disposed:false
157 silly fetch manifest esbuild@^0.21.3
158 silly packumentCache full:https://registry.npmjs.org/esbuild cache-miss
159 http fetch GET 200 https://registry.npmjs.org/esbuild 77ms (cache miss)
160 silly packumentCache full:https://registry.npmjs.org/esbuild set size:undefined disposed:false
161 silly fetch manifest postcss@^8.4.43
162 silly packumentCache full:https://registry.npmjs.org/postcss cache-miss
163 http fetch GET 200 https://registry.npmjs.org/postcss 6ms (cache hit)
164 silly packumentCache full:https://registry.npmjs.org/postcss set size:766699 disposed:false
165 silly fetch manifest fsevents@~2.3.3
166 silly packumentCache full:https://registry.npmjs.org/fsevents cache-miss
167 http fetch GET 200 https://registry.npmjs.org/fsevents 26ms (cache miss)
168 silly packumentCache full:https://registry.npmjs.org/fsevents set size:undefined disposed:false
169 silly fetch manifest picocolors@^1.1.1
170 silly packumentCache full:https://registry.npmjs.org/picocolors cache-miss
171 http fetch GET 200 https://registry.npmjs.org/picocolors 27ms (cache miss)
172 silly packumentCache full:https://registry.npmjs.org/picocolors set size:undefined disposed:false
173 silly fetch manifest fraction.js@^5.3.4
174 silly packumentCache full:https://registry.npmjs.org/fraction.js cache-miss
175 http fetch GET 200 https://registry.npmjs.org/fraction.js 27ms (cache miss)
176 silly packumentCache full:https://registry.npmjs.org/fraction.js set size:undefined disposed:false
177 silly fetch manifest browserslist@^4.28.9
178 silly packumentCache full:https://registry.npmjs.org/browserslist cache-miss
179 http fetch GET 200 https://registry.npmjs.org/browserslist 45ms (cache miss)
180 silly packumentCache full:https://registry.npmjs.org/browserslist set size:undefined disposed:false
181 silly fetch manifest caniuse-lite@^1.0.30001810
182 silly packumentCache full:https://registry.npmjs.org/caniuse-lite cache-miss
183 http fetch GET 200 https://registry.npmjs.org/caniuse-lite 73ms (cache miss)
184 silly packumentCache full:https://registry.npmjs.org/caniuse-lite set size:undefined disposed:false
185 silly fetch manifest postcss-value-parser@^4.2.0
186 silly packumentCache full:https://registry.npmjs.org/postcss-value-parser cache-miss
187 http fetch GET 200 https://registry.npmjs.org/postcss-value-parser 35ms (cache miss)
188 silly packumentCache full:https://registry.npmjs.org/postcss-value-parser set size:undefined disposed:false
189 silly fetch manifest nanoid@^3.3.18
190 silly packumentCache full:https://registry.npmjs.org/nanoid cache-miss
191 http fetch GET 200 https://registry.npmjs.org/nanoid 33ms (cache miss)
192 silly packumentCache full:https://registry.npmjs.org/nanoid set size:undefined disposed:false
193 silly fetch manifest source-map-js@^1.2.1
194 silly packumentCache full:https://registry.npmjs.org/source-map-js cache-miss
195 http fetch GET 200 https://registry.npmjs.org/source-map-js 23ms (cache miss)
196 silly packumentCache full:https://registry.npmjs.org/source-map-js set size:undefined disposed:false
197 silly fetch manifest loose-envify@^1.1.0
198 silly packumentCache full:https://registry.npmjs.org/loose-envify cache-miss
199 http fetch GET 200 https://registry.npmjs.org/loose-envify 23ms (cache miss)
200 silly packumentCache full:https://registry.npmjs.org/loose-envify set size:undefined disposed:false
201 silly fetch manifest scheduler@^0.23.2
202 silly packumentCache full:https://registry.npmjs.org/scheduler cache-miss
203 http fetch GET 200 https://registry.npmjs.org/scheduler 151ms (cache miss)
204 silly packumentCache full:https://registry.npmjs.org/scheduler set size:undefined disposed:false
205 silly fetch manifest arg@^5.0.2
206 silly packumentCache full:https://registry.npmjs.org/arg cache-miss
207 http fetch GET 200 https://registry.npmjs.org/arg 29ms (cache miss)
208 silly packumentCache full:https://registry.npmjs.org/arg set size:undefined disposed:false
209 silly fetch manifest dlv@^1.1.3
210 silly packumentCache full:https://registry.npmjs.org/dlv cache-miss
211 http fetch GET 200 https://registry.npmjs.org/dlv 22ms (cache miss)
212 silly packumentCache full:https://registry.npmjs.org/dlv set size:undefined disposed:false
213 silly fetch manifest jiti@^1.21.7
214 silly packumentCache full:https://registry.npmjs.org/jiti cache-miss
215 http fetch GET 200 https://registry.npmjs.org/jiti 31ms (cache miss)
216 silly packumentCache full:https://registry.npmjs.org/jiti set size:undefined disposed:false
217 silly fetch manifest is-glob@^4.0.3
218 silly packumentCache full:https://registry.npmjs.org/is-glob cache-miss
219 http fetch GET 200 https://registry.npmjs.org/is-glob 21ms (cache miss)
220 silly packumentCache full:https://registry.npmjs.org/is-glob set size:undefined disposed:false
221 silly fetch manifest resolve@^1.22.8
222 silly packumentCache full:https://registry.npmjs.org/resolve cache-miss
223 http fetch GET 200 https://registry.npmjs.org/resolve 25ms (cache miss)
224 silly packumentCache full:https://registry.npmjs.org/resolve set size:undefined disposed:false
225 silly fetch manifest sucrase@^3.35.0
226 silly packumentCache full:https://registry.npmjs.org/sucrase cache-miss
227 http fetch GET 200 https://registry.npmjs.org/sucrase 30ms (cache miss)
228 silly packumentCache full:https://registry.npmjs.org/sucrase set size:undefined disposed:false
229 silly fetch manifest chokidar@^3.6.0
230 silly packumentCache full:https://registry.npmjs.org/chokidar cache-miss
231 http fetch GET 200 https://registry.npmjs.org/chokidar 31ms (cache miss)
232 silly packumentCache full:https://registry.npmjs.org/chokidar set size:undefined disposed:false
233 silly fetch manifest fast-glob@^3.3.2
234 silly packumentCache full:https://registry.npmjs.org/fast-glob cache-miss
235 http fetch GET 200 https://registry.npmjs.org/fast-glob 47ms (cache miss)
236 silly packumentCache full:https://registry.npmjs.org/fast-glob set size:undefined disposed:false
237 silly fetch manifest lilconfig@^3.1.3
238 silly packumentCache full:https://registry.npmjs.org/lilconfig cache-miss
239 http fetch GET 200 https://registry.npmjs.org/lilconfig 24ms (cache miss)
240 silly packumentCache full:https://registry.npmjs.org/lilconfig set size:undefined disposed:false
241 silly fetch manifest didyoumean@^1.2.2
242 silly packumentCache full:https://registry.npmjs.org/didyoumean cache-miss
243 http fetch GET 200 https://registry.npmjs.org/didyoumean 22ms (cache miss)
244 silly packumentCache full:https://registry.npmjs.org/didyoumean set size:undefined disposed:false
245 silly fetch manifest micromatch@^4.0.8
246 silly packumentCache full:https://registry.npmjs.org/micromatch cache-miss
247 http fetch GET 200 https://registry.npmjs.org/micromatch 27ms (cache miss)
248 silly packumentCache full:https://registry.npmjs.org/micromatch set size:undefined disposed:false
249 silly fetch manifest postcss-js@^4.0.1
250 silly packumentCache full:https://registry.npmjs.org/postcss-js cache-miss
251 http fetch GET 200 https://registry.npmjs.org/postcss-js 22ms (cache miss)
252 silly packumentCache full:https://registry.npmjs.org/postcss-js set size:undefined disposed:false
253 silly fetch manifest glob-parent@^6.0.2
254 silly packumentCache full:https://registry.npmjs.org/glob-parent cache-miss
255 http fetch GET 200 https://registry.npmjs.org/glob-parent 26ms (cache miss)
256 silly packumentCache full:https://registry.npmjs.org/glob-parent set size:undefined disposed:false
257 silly fetch manifest object-hash@^3.0.0
258 silly packumentCache full:https://registry.npmjs.org/object-hash cache-miss
259 http fetch GET 200 https://registry.npmjs.org/object-hash 24ms (cache miss)
260 silly packumentCache full:https://registry.npmjs.org/object-hash set size:undefined disposed:false
261 silly fetch manifest normalize-path@^3.0.0
262 silly packumentCache full:https://registry.npmjs.org/normalize-path cache-miss
263 http fetch GET 200 https://registry.npmjs.org/normalize-path 24ms (cache miss)
264 silly packumentCache full:https://registry.npmjs.org/normalize-path set size:undefined disposed:false
265 silly fetch manifest postcss-import@^15.1.0
266 silly packumentCache full:https://registry.npmjs.org/postcss-import cache-miss
267 http fetch GET 200 https://registry.npmjs.org/postcss-import 25ms (cache miss)
268 silly packumentCache full:https://registry.npmjs.org/postcss-import set size:undefined disposed:false
269 silly fetch manifest postcss-nested@^6.2.0
270 silly packumentCache full:https://registry.npmjs.org/postcss-nested cache-miss
271 http fetch GET 200 https://registry.npmjs.org/postcss-nested 27ms (cache miss)
272 silly packumentCache full:https://registry.npmjs.org/postcss-nested set size:undefined disposed:false
273 silly fetch manifest @alloc/quick-lru@^5.2.0
274 silly packumentCache full:https://registry.npmjs.org/@alloc%2fquick-lru cache-miss
275 http fetch GET 200 https://registry.npmjs.org/@alloc%2fquick-lru 35ms (cache miss)
276 silly packumentCache full:https://registry.npmjs.org/@alloc%2fquick-lru set size:undefined disposed:false
277 silly fetch manifest postcss-load-config@^4.0.2 || ^5.0 || ^6.0
278 silly packumentCache full:https://registry.npmjs.org/postcss-load-config cache-miss
279 http fetch GET 200 https://registry.npmjs.org/postcss-load-config 25ms (cache miss)
280 silly packumentCache full:https://registry.npmjs.org/postcss-load-config set size:undefined disposed:false
281 silly fetch manifest postcss-selector-parser@^6.1.2
282 silly packumentCache full:https://registry.npmjs.org/postcss-selector-parser cache-miss
283 http fetch GET 200 https://registry.npmjs.org/postcss-selector-parser 29ms (cache miss)
284 silly packumentCache full:https://registry.npmjs.org/postcss-selector-parser set size:undefined disposed:false
285 silly placeDep ROOT @supabase/auth-js@2.109.0 OK for: @supabase/supabase-js@2.109.0 want: 2.109.0
286 silly placeDep ROOT @supabase/functions-js@2.109.0 OK for: @supabase/supabase-js@2.109.0 want: 2.109.0
287 silly placeDep ROOT @supabase/postgrest-js@2.109.0 OK for: @supabase/supabase-js@2.109.0 want: 2.109.0
288 silly placeDep ROOT @supabase/realtime-js@2.109.0 OK for: @supabase/supabase-js@2.109.0 want: 2.109.0
289 silly placeDep ROOT @supabase/storage-js@2.109.0 OK for: @supabase/supabase-js@2.109.0 want: 2.109.0
290 silly fetch manifest tslib@2.8.1
291 silly packumentCache full:https://registry.npmjs.org/tslib cache-miss
292 http fetch GET 200 https://registry.npmjs.org/tslib 26ms (cache miss)
293 silly packumentCache full:https://registry.npmjs.org/tslib set size:undefined disposed:false
294 silly fetch manifest @supabase/phoenix@0.4.4
295 silly packumentCache full:https://registry.npmjs.org/@supabase%2fphoenix cache-miss
296 http fetch GET 200 https://registry.npmjs.org/@supabase%2fphoenix 36ms (cache miss)
297 silly packumentCache full:https://registry.npmjs.org/@supabase%2fphoenix set size:undefined disposed:false
298 silly fetch manifest iceberg-js@^0.8.1
299 silly packumentCache full:https://registry.npmjs.org/iceberg-js cache-miss
300 http fetch GET 200 https://registry.npmjs.org/iceberg-js 24ms (cache miss)
301 silly packumentCache full:https://registry.npmjs.org/iceberg-js set size:undefined disposed:false
302 silly placeDep ROOT tslib@2.8.1 OK for: @supabase/auth-js@2.109.0 want: 2.8.1
303 silly placeDep ROOT @supabase/phoenix@0.4.4 OK for: @supabase/realtime-js@2.109.0 want: 0.4.4
304 silly placeDep ROOT iceberg-js@0.8.1 OK for: @supabase/storage-js@2.109.0 want: ^0.8.1
305 silly placeDep ROOT @types/prop-types@15.7.15 OK for: @types/react@18.3.31 want: *
306 silly placeDep ROOT csstype@3.2.3 OK for: @types/react@18.3.31 want: ^3.2.2
307 silly placeDep ROOT @babel/core@7.29.7 OK for: @vitejs/plugin-react@4.7.0 want: ^7.28.0
308 silly placeDep ROOT @babel/plugin-transform-react-jsx-self@7.29.7 OK for: @vitejs/plugin-react@4.7.0 want: ^7.27.1
309 silly placeDep ROOT @babel/plugin-transform-react-jsx-source@7.29.7 OK for: @vitejs/plugin-react@4.7.0 want: ^7.27.1
310 silly placeDep ROOT @rolldown/pluginutils@1.0.0-beta.27 OK for: @vitejs/plugin-react@4.7.0 want: 1.0.0-beta.27
311 silly placeDep ROOT @types/babel__core@7.20.5 OK for: @vitejs/plugin-react@4.7.0 want: ^7.20.5
312 silly placeDep ROOT react-refresh@0.17.0 OK for: @vitejs/plugin-react@4.7.0 want: ^0.17.0
313 silly fetch manifest debug@^4.1.0
314 silly packumentCache full:https://registry.npmjs.org/debug cache-miss
315 http fetch GET 200 https://registry.npmjs.org/debug 29ms (cache miss)
316 silly packumentCache full:https://registry.npmjs.org/debug set size:undefined disposed:false
317 silly fetch manifest json5@^2.2.3
318 silly packumentCache full:https://registry.npmjs.org/json5 cache-miss
319 http fetch GET 200 https://registry.npmjs.org/json5 26ms (cache miss)
320 silly packumentCache full:https://registry.npmjs.org/json5 set size:undefined disposed:false
321 silly fetch manifest semver@^6.3.1
322 silly packumentCache full:https://registry.npmjs.org/semver cache-miss
323 http fetch GET 200 https://registry.npmjs.org/semver 29ms (cache miss)
324 silly packumentCache full:https://registry.npmjs.org/semver set size:undefined disposed:false
325 silly fetch manifest gensync@^1.0.0-beta.2
326 silly packumentCache full:https://registry.npmjs.org/gensync cache-miss
327 http fetch GET 200 https://registry.npmjs.org/gensync 22ms (cache miss)
328 silly packumentCache full:https://registry.npmjs.org/gensync set size:undefined disposed:false
329 silly fetch manifest @babel/types@^7.29.7
330 silly packumentCache full:https://registry.npmjs.org/@babel%2ftypes cache-miss
331 http fetch GET 200 https://registry.npmjs.org/@babel%2ftypes 39ms (cache miss)
332 silly packumentCache full:https://registry.npmjs.org/@babel%2ftypes set size:undefined disposed:false
333 silly fetch manifest @babel/parser@^7.29.7
334 silly packumentCache full:https://registry.npmjs.org/@babel%2fparser cache-miss
335 http fetch GET 200 https://registry.npmjs.org/@babel%2fparser 44ms (cache miss)
336 silly packumentCache full:https://registry.npmjs.org/@babel%2fparser set size:undefined disposed:false
337 silly fetch manifest @babel/helpers@^7.29.7
338 silly packumentCache full:https://registry.npmjs.org/@babel%2fhelpers cache-miss
339 http fetch GET 200 https://registry.npmjs.org/@babel%2fhelpers 38ms (cache miss)
340 silly packumentCache full:https://registry.npmjs.org/@babel%2fhelpers set size:undefined disposed:false
341 silly fetch manifest @babel/template@^7.29.7
342 silly packumentCache full:https://registry.npmjs.org/@babel%2ftemplate cache-miss
343 http fetch GET 200 https://registry.npmjs.org/@babel%2ftemplate 33ms (cache miss)
344 silly packumentCache full:https://registry.npmjs.org/@babel%2ftemplate set size:undefined disposed:false
345 silly fetch manifest @babel/traverse@^7.29.7
346 silly packumentCache full:https://registry.npmjs.org/@babel%2ftraverse cache-miss
347 http fetch GET 200 https://registry.npmjs.org/@babel%2ftraverse 40ms (cache miss)
348 silly packumentCache full:https://registry.npmjs.org/@babel%2ftraverse set size:undefined disposed:false
349 silly fetch manifest @babel/generator@^7.29.7
350 silly packumentCache full:https://registry.npmjs.org/@babel%2fgenerator cache-miss
351 http fetch GET 200 https://registry.npmjs.org/@babel%2fgenerator 42ms (cache miss)
352 silly packumentCache full:https://registry.npmjs.org/@babel%2fgenerator set size:undefined disposed:false
353 silly fetch manifest @babel/code-frame@^7.29.7
354 silly packumentCache full:https://registry.npmjs.org/@babel%2fcode-frame cache-miss
355 http fetch GET 200 https://registry.npmjs.org/@babel%2fcode-frame 45ms (cache miss)
356 silly packumentCache full:https://registry.npmjs.org/@babel%2fcode-frame set size:undefined disposed:false
357 silly fetch manifest convert-source-map@^2.0.0
358 silly packumentCache full:https://registry.npmjs.org/convert-source-map cache-miss
359 http fetch GET 200 https://registry.npmjs.org/convert-source-map 24ms (cache miss)
360 silly packumentCache full:https://registry.npmjs.org/convert-source-map set size:undefined disposed:false
361 silly fetch manifest @jridgewell/remapping@^2.3.5
362 silly packumentCache full:https://registry.npmjs.org/@jridgewell%2fremapping cache-miss
363 http fetch GET 200 https://registry.npmjs.org/@jridgewell%2fremapping 31ms (cache miss)
364 silly packumentCache full:https://registry.npmjs.org/@jridgewell%2fremapping set size:undefined disposed:false
365 silly fetch manifest @babel/helper-module-transforms@^7.29.7
366 silly packumentCache full:https://registry.npmjs.org/@babel%2fhelper-module-transforms cache-miss
367 http fetch GET 200 https://registry.npmjs.org/@babel%2fhelper-module-transforms 37ms (cache miss)
368 silly packumentCache full:https://registry.npmjs.org/@babel%2fhelper-module-transforms set size:undefined disposed:false
369 silly fetch manifest @babel/helper-compilation-targets@^7.29.7
370 silly packumentCache full:https://registry.npmjs.org/@babel%2fhelper-compilation-targets cache-miss
371 http fetch GET 200 https://registry.npmjs.org/@babel%2fhelper-compilation-targets 34ms (cache miss)
372 silly packumentCache full:https://registry.npmjs.org/@babel%2fhelper-compilation-targets set size:undefined disposed:false
373 silly fetch manifest @babel/helper-plugin-utils@^7.29.7
374 silly packumentCache full:https://registry.npmjs.org/@babel%2fhelper-plugin-utils cache-miss
375 http fetch GET 200 https://registry.npmjs.org/@babel%2fhelper-plugin-utils 33ms (cache miss)
376 silly packumentCache full:https://registry.npmjs.org/@babel%2fhelper-plugin-utils set size:undefined disposed:false
377 silly fetch manifest @babel/types@^7.20.7
378 silly packumentCache full:https://registry.npmjs.org/@babel%2ftypes cache-miss
379 http fetch GET 200 https://registry.npmjs.org/@babel%2ftypes 3ms (cache hit)
380 silly packumentCache full:https://registry.npmjs.org/@babel%2ftypes set size:505250 disposed:false
381 silly fetch manifest @babel/parser@^7.20.7
382 silly packumentCache full:https://registry.npmjs.org/@babel%2fparser cache-miss
383 http fetch GET 200 https://registry.npmjs.org/@babel%2fparser 3ms (cache hit)
384 silly packumentCache full:https://registry.npmjs.org/@babel%2fparser set size:740578 disposed:false
385 silly fetch manifest @types/babel__template@*
386 silly packumentCache full:https://registry.npmjs.org/@types%2fbabel__template cache-miss
387 http fetch GET 200 https://registry.npmjs.org/@types%2fbabel__template 27ms (cache miss)
388 silly packumentCache full:https://registry.npmjs.org/@types%2fbabel__template set size:undefined disposed:false
389 silly fetch manifest @types/babel__traverse@*
390 silly packumentCache full:https://registry.npmjs.org/@types%2fbabel__traverse cache-miss
391 http fetch GET 200 https://registry.npmjs.org/@types%2fbabel__traverse 29ms (cache miss)
392 silly packumentCache full:https://registry.npmjs.org/@types%2fbabel__traverse set size:undefined disposed:false
393 silly fetch manifest @types/babel__generator@*
394 silly packumentCache full:https://registry.npmjs.org/@types%2fbabel__generator cache-miss
395 http fetch GET 200 https://registry.npmjs.org/@types%2fbabel__generator 29ms (cache miss)
396 silly packumentCache full:https://registry.npmjs.org/@types%2fbabel__generator set size:undefined disposed:false
397 silly fetch manifest @babel/core@^7.0.0
398 silly packumentCache full:https://registry.npmjs.org/@babel%2fcore cache-miss
399 http fetch GET 200 https://registry.npmjs.org/@babel%2fcore 5ms (cache hit)
400 silly packumentCache full:https://registry.npmjs.org/@babel%2fcore set size:792733 disposed:false
401 silly placeDep ROOT @babel/code-frame@7.29.7 OK for: @babel/core@7.29.7 want: ^7.29.7
402 silly placeDep ROOT @babel/generator@7.29.8 OK for: @babel/core@7.29.7 want: ^7.29.7
403 silly placeDep ROOT @babel/helper-compilation-targets@7.29.7 OK for: @babel/core@7.29.7 want: ^7.29.7
404 silly placeDep ROOT @babel/helper-module-transforms@7.29.7 OK for: @babel/core@7.29.7 want: ^7.29.7
405 silly placeDep ROOT @babel/helpers@7.29.7 OK for: @babel/core@7.29.7 want: ^7.29.7
406 silly placeDep ROOT @babel/parser@7.29.8 OK for: @babel/core@7.29.7 want: ^7.29.7
407 silly placeDep ROOT @babel/template@7.29.7 OK for: @babel/core@7.29.7 want: ^7.29.7
408 silly placeDep ROOT @babel/traverse@7.29.8 OK for: @babel/core@7.29.7 want: ^7.29.7
409 silly placeDep ROOT @babel/types@7.29.8 OK for: @babel/core@7.29.7 want: ^7.29.7
410 silly placeDep ROOT @jridgewell/remapping@2.3.5 OK for: @babel/core@7.29.7 want: ^2.3.5
411 silly placeDep ROOT convert-source-map@2.0.0 OK for: @babel/core@7.29.7 want: ^2.0.0
412 silly placeDep ROOT debug@4.4.3 OK for: @babel/core@7.29.7 want: ^4.1.0
413 silly placeDep ROOT gensync@1.0.0-beta.2 OK for: @babel/core@7.29.7 want: ^1.0.0-beta.2
414 silly placeDep ROOT json5@2.2.3 OK for: @babel/core@7.29.7 want: ^2.2.3
415 silly placeDep ROOT semver@6.3.1 OK for: @babel/core@7.29.7 want: ^6.3.1
416 silly fetch manifest js-tokens@^4.0.0
417 silly packumentCache full:https://registry.npmjs.org/js-tokens cache-miss
418 http fetch GET 200 https://registry.npmjs.org/js-tokens 42ms (cache miss)
419 silly packumentCache full:https://registry.npmjs.org/js-tokens set size:undefined disposed:false
420 silly fetch manifest @babel/helper-validator-identifier@^7.29.7
421 silly packumentCache full:https://registry.npmjs.org/@babel%2fhelper-validator-identifier cache-miss
422 http fetch GET 200 https://registry.npmjs.org/@babel%2fhelper-validator-identifier 29ms (cache miss)
423 silly packumentCache full:https://registry.npmjs.org/@babel%2fhelper-validator-identifier set size:undefined disposed:false
424 silly fetch manifest jsesc@^3.0.2
425 silly packumentCache full:https://registry.npmjs.org/jsesc cache-miss
426 http fetch GET 200 https://registry.npmjs.org/jsesc 27ms (cache miss)
427 silly packumentCache full:https://registry.npmjs.org/jsesc set size:undefined disposed:false
428 silly fetch manifest @babel/types@^7.29.8
429 silly packumentCache full:https://registry.npmjs.org/@babel%2ftypes cache-hit
430 silly fetch manifest @babel/parser@^7.29.8
431 silly packumentCache full:https://registry.npmjs.org/@babel%2fparser cache-hit
432 silly fetch manifest @jridgewell/gen-mapping@^0.3.12
433 silly packumentCache full:https://registry.npmjs.org/@jridgewell%2fgen-mapping cache-miss
434 http fetch GET 200 https://registry.npmjs.org/@jridgewell%2fgen-mapping 33ms (cache miss)
435 silly packumentCache full:https://registry.npmjs.org/@jridgewell%2fgen-mapping set size:undefined disposed:false
436 silly fetch manifest @jridgewell/trace-mapping@^0.3.28
437 silly packumentCache full:https://registry.npmjs.org/@jridgewell%2ftrace-mapping cache-miss
438 http fetch GET 200 https://registry.npmjs.org/@jridgewell%2ftrace-mapping 37ms (cache miss)
439 silly packumentCache full:https://registry.npmjs.org/@jridgewell%2ftrace-mapping set size:undefined disposed:false
440 silly fetch manifest lru-cache@^5.1.1
441 silly packumentCache full:https://registry.npmjs.org/lru-cache cache-miss
442 http fetch GET 200 https://registry.npmjs.org/lru-cache 36ms (cache miss)
443 silly packumentCache full:https://registry.npmjs.org/lru-cache set size:undefined disposed:false
444 silly fetch manifest browserslist@^4.24.0
445 silly packumentCache full:https://registry.npmjs.org/browserslist cache-miss
446 http fetch GET 200 https://registry.npmjs.org/browserslist 4ms (cache hit)
447 silly packumentCache full:https://registry.npmjs.org/browserslist set size:521015 disposed:false
448 silly fetch manifest @babel/compat-data@^7.29.7
449 silly packumentCache full:https://registry.npmjs.org/@babel%2fcompat-data cache-miss
450 http fetch GET 200 https://registry.npmjs.org/@babel%2fcompat-data 35ms (cache miss)
451 silly packumentCache full:https://registry.npmjs.org/@babel%2fcompat-data set size:undefined disposed:false
452 silly fetch manifest @babel/helper-validator-option@^7.29.7
453 silly packumentCache full:https://registry.npmjs.org/@babel%2fhelper-validator-option cache-miss
454 http fetch GET 200 https://registry.npmjs.org/@babel%2fhelper-validator-option 33ms (cache miss)
455 silly packumentCache full:https://registry.npmjs.org/@babel%2fhelper-validator-option set size:undefined disposed:false
456 silly fetch manifest @babel/helper-module-imports@^7.29.7
457 silly packumentCache full:https://registry.npmjs.org/@babel%2fhelper-module-imports cache-miss
458 http fetch GET 200 https://registry.npmjs.org/@babel%2fhelper-module-imports 32ms (cache miss)
459 silly packumentCache full:https://registry.npmjs.org/@babel%2fhelper-module-imports set size:undefined disposed:false
460 silly fetch manifest debug@^4.3.1
461 silly packumentCache full:https://registry.npmjs.org/debug cache-miss
462 http fetch GET 200 https://registry.npmjs.org/debug 5ms (cache hit)
463 silly packumentCache full:https://registry.npmjs.org/debug set size:195840 disposed:false
464 silly fetch manifest @babel/helper-globals@^7.29.7
465 silly packumentCache full:https://registry.npmjs.org/@babel%2fhelper-globals cache-miss
466 http fetch GET 200 https://registry.npmjs.org/@babel%2fhelper-globals 27ms (cache miss)
467 silly packumentCache full:https://registry.npmjs.org/@babel%2fhelper-globals set size:undefined disposed:false
468 silly fetch manifest @babel/helper-string-parser@^7.29.7
469 silly packumentCache full:https://registry.npmjs.org/@babel%2fhelper-string-parser cache-miss
470 http fetch GET 200 https://registry.npmjs.org/@babel%2fhelper-string-parser 30ms (cache miss)
471 silly packumentCache full:https://registry.npmjs.org/@babel%2fhelper-string-parser set size:undefined disposed:false
472 silly fetch manifest @jridgewell/gen-mapping@^0.3.5
473 silly packumentCache full:https://registry.npmjs.org/@jridgewell%2fgen-mapping cache-miss
474 http fetch GET 200 https://registry.npmjs.org/@jridgewell%2fgen-mapping 1ms (cache hit)
475 silly packumentCache full:https://registry.npmjs.org/@jridgewell%2fgen-mapping set size:75941 disposed:false
476 silly fetch manifest @jridgewell/trace-mapping@^0.3.24
477 silly packumentCache full:https://registry.npmjs.org/@jridgewell%2ftrace-mapping cache-miss
478 http fetch GET 200 https://registry.npmjs.org/@jridgewell%2ftrace-mapping 3ms (cache hit)
479 silly packumentCache full:https://registry.npmjs.org/@jridgewell%2ftrace-mapping set size:170909 disposed:false
480 silly fetch manifest ms@^2.1.3
481 silly packumentCache full:https://registry.npmjs.org/ms cache-miss
482 http fetch GET 200 https://registry.npmjs.org/ms 25ms (cache miss)
483 silly packumentCache full:https://registry.npmjs.org/ms set size:undefined disposed:false
484 silly placeDep ROOT @babel/helper-validator-identifier@7.29.7 OK for: @babel/code-frame@7.29.7 want: ^7.29.7
485 silly placeDep ROOT js-tokens@4.0.0 OK for: @babel/code-frame@7.29.7 want: ^4.0.0
486 silly placeDep ROOT picocolors@1.1.1 OK for: @babel/code-frame@7.29.7 want: ^1.1.1
487 silly placeDep ROOT @jridgewell/gen-mapping@0.3.13 OK for: @babel/generator@7.29.8 want: ^0.3.12
488 silly placeDep ROOT @jridgewell/trace-mapping@0.3.31 OK for: @babel/generator@7.29.8 want: ^0.3.28
489 silly placeDep ROOT jsesc@3.1.0 OK for: @babel/generator@7.29.8 want: ^3.0.2
490 silly fetch manifest @jridgewell/sourcemap-codec@^1.5.0
491 silly packumentCache full:https://registry.npmjs.org/@jridgewell%2fsourcemap-codec cache-miss
492 http fetch GET 200 https://registry.npmjs.org/@jridgewell%2fsourcemap-codec 32ms (cache miss)
493 silly packumentCache full:https://registry.npmjs.org/@jridgewell%2fsourcemap-codec set size:undefined disposed:false
494 silly fetch manifest @jridgewell/resolve-uri@^3.1.0
495 silly packumentCache full:https://registry.npmjs.org/@jridgewell%2fresolve-uri cache-miss
496 http fetch GET 200 https://registry.npmjs.org/@jridgewell%2fresolve-uri 47ms (cache miss)
497 silly packumentCache full:https://registry.npmjs.org/@jridgewell%2fresolve-uri set size:undefined disposed:false
498 silly fetch manifest @jridgewell/sourcemap-codec@^1.4.14
499 silly packumentCache full:https://registry.npmjs.org/@jridgewell%2fsourcemap-codec cache-miss
500 http fetch GET 200 https://registry.npmjs.org/@jridgewell%2fsourcemap-codec 10ms (cache hit)
501 silly packumentCache full:https://registry.npmjs.org/@jridgewell%2fsourcemap-codec set size:65255 disposed:false
502 silly placeDep ROOT @babel/compat-data@7.29.7 OK for: @babel/helper-compilation-targets@7.29.7 want: ^7.29.7
503 silly placeDep ROOT @babel/helper-validator-option@7.29.7 OK for: @babel/helper-compilation-targets@7.29.7 want: ^7.29.7
504 silly placeDep ROOT browserslist@4.28.9 OK for: @babel/helper-compilation-targets@7.29.7 want: ^4.24.0
505 silly placeDep ROOT lru-cache@5.1.1 OK for: @babel/helper-compilation-targets@7.29.7 want: ^5.1.1
506 silly fetch manifest node-releases@^2.0.54
507 silly packumentCache full:https://registry.npmjs.org/node-releases cache-miss
508 http fetch GET 200 https://registry.npmjs.org/node-releases 30ms (cache miss)
509 silly packumentCache full:https://registry.npmjs.org/node-releases set size:undefined disposed:false
510 silly fetch manifest electron-to-chromium@^1.5.420
511 silly packumentCache full:https://registry.npmjs.org/electron-to-chromium cache-miss
512 http fetch GET 200 https://registry.npmjs.org/electron-to-chromium 123ms (cache miss)
513 silly packumentCache full:https://registry.npmjs.org/electron-to-chromium set size:undefined disposed:false
514 silly fetch manifest update-browserslist-db@^1.3.2
515 silly packumentCache full:https://registry.npmjs.org/update-browserslist-db cache-miss
516 http fetch GET 200 https://registry.npmjs.org/update-browserslist-db 30ms (cache miss)
517 silly packumentCache full:https://registry.npmjs.org/update-browserslist-db set size:undefined disposed:false
518 silly fetch manifest baseline-browser-mapping@^2.11.20
519 silly packumentCache full:https://registry.npmjs.org/baseline-browser-mapping cache-miss
520 http fetch GET 200 https://registry.npmjs.org/baseline-browser-mapping 34ms (cache miss)
521 silly packumentCache full:https://registry.npmjs.org/baseline-browser-mapping set size:undefined disposed:false
522 silly fetch manifest yallist@^3.0.2
523 silly packumentCache full:https://registry.npmjs.org/yallist cache-miss
524 http fetch GET 200 https://registry.npmjs.org/yallist 24ms (cache miss)
525 silly packumentCache full:https://registry.npmjs.org/yallist set size:undefined disposed:false
526 silly placeDep ROOT @babel/helper-module-imports@7.29.7 OK for: @babel/helper-module-transforms@7.29.7 want: ^7.29.7
527 silly placeDep ROOT @babel/helper-plugin-utils@7.29.7 OK for: @babel/plugin-transform-react-jsx-self@7.29.7 want: ^7.29.7
528 silly placeDep ROOT @babel/helper-globals@7.29.7 OK for: @babel/traverse@7.29.8 want: ^7.29.7
529 silly placeDep ROOT @babel/helper-string-parser@7.29.7 OK for: @babel/types@7.29.8 want: ^7.29.7
530 silly placeDep ROOT @jridgewell/sourcemap-codec@1.6.0 OK for: @jridgewell/gen-mapping@0.3.13 want: ^1.5.0
531 silly placeDep ROOT @jridgewell/resolve-uri@3.1.2 OK for: @jridgewell/trace-mapping@0.3.31 want: ^3.1.0
532 silly placeDep ROOT @types/babel__generator@7.27.0 OK for: @types/babel__core@7.20.5 want: *
533 silly placeDep ROOT @types/babel__template@7.4.4 OK for: @types/babel__core@7.20.5 want: *
534 silly placeDep ROOT @types/babel__traverse@7.28.0 OK for: @types/babel__core@7.20.5 want: *
535 silly placeDep ROOT caniuse-lite@1.0.30001810 OK for: autoprefixer@10.5.6 want: ^1.0.30001810
536 silly placeDep ROOT fraction.js@5.3.4 OK for: autoprefixer@10.5.6 want: ^5.3.4
537 silly placeDep ROOT postcss-value-parser@4.2.0 OK for: autoprefixer@10.5.6 want: ^4.2.0
538 silly fetch manifest browserslist@>= 4.21.0
539 silly packumentCache full:https://registry.npmjs.org/browserslist cache-hit
540 silly placeDep ROOT baseline-browser-mapping@2.11.22 OK for: browserslist@4.28.9 want: ^2.11.20
541 silly placeDep ROOT electron-to-chromium@1.5.427 OK for: browserslist@4.28.9 want: ^1.5.420
542 silly placeDep ROOT node-releases@2.0.55 OK for: browserslist@4.28.9 want: ^2.0.54
543 silly placeDep ROOT update-browserslist-db@1.3.3 OK for: browserslist@4.28.9 want: ^1.3.2
544 silly fetch manifest escalade@^3.2.0
545 silly packumentCache full:https://registry.npmjs.org/escalade cache-miss
546 http fetch GET 200 https://registry.npmjs.org/escalade 22ms (cache miss)
547 silly packumentCache full:https://registry.npmjs.org/escalade set size:undefined disposed:false
548 silly placeDep ROOT ms@2.1.3 OK for: debug@4.4.3 want: ^2.1.3
549 silly placeDep ROOT yallist@3.1.1 OK for: lru-cache@5.1.1 want: ^3.0.2
550 silly placeDep ROOT nanoid@3.3.19 OK for: postcss@8.5.28 want: ^3.3.18
551 silly placeDep ROOT source-map-js@1.2.1 OK for: postcss@8.5.28 want: ^1.2.1
552 silly placeDep ROOT loose-envify@1.4.0 OK for: react@18.3.1 want: ^1.1.0
553 silly placeDep ROOT scheduler@0.23.2 OK for: react-dom@18.3.1 want: ^0.23.2
554 silly fetch manifest postcss@^8.4.47
555 silly packumentCache full:https://registry.npmjs.org/postcss cache-hit
556 silly fetch manifest tsx@^4.8.1
557 silly packumentCache full:https://registry.npmjs.org/tsx cache-miss
558 http fetch GET 200 https://registry.npmjs.org/tsx 35ms (cache miss)
559 silly packumentCache full:https://registry.npmjs.org/tsx set size:undefined disposed:false
560 silly fetch manifest yaml@^2.4.2
561 silly packumentCache full:https://registry.npmjs.org/yaml cache-miss
562 http fetch GET 200 https://registry.npmjs.org/yaml 31ms (cache miss)
563 silly packumentCache full:https://registry.npmjs.org/yaml set size:undefined disposed:false
564 silly placeDep ROOT @alloc/quick-lru@5.3.0 OK for: tailwindcss@3.4.19 want: ^5.2.0
565 silly placeDep ROOT arg@5.0.2 OK for: tailwindcss@3.4.19 want: ^5.0.2
566 silly placeDep ROOT chokidar@3.6.0 OK for: tailwindcss@3.4.19 want: ^3.6.0
567 silly placeDep ROOT didyoumean@1.2.2 OK for: tailwindcss@3.4.19 want: ^1.2.2
568 silly placeDep ROOT dlv@1.1.3 OK for: tailwindcss@3.4.19 want: ^1.1.3
569 silly placeDep ROOT fast-glob@3.3.3 OK for: tailwindcss@3.4.19 want: ^3.3.2
570 silly placeDep ROOT glob-parent@6.0.2 OK for: tailwindcss@3.4.19 want: ^6.0.2
571 silly placeDep ROOT is-glob@4.0.3 OK for: tailwindcss@3.4.19 want: ^4.0.3
572 silly placeDep ROOT jiti@1.21.7 OK for: tailwindcss@3.4.19 want: ^1.21.7
573 silly placeDep ROOT lilconfig@3.1.3 OK for: tailwindcss@3.4.19 want: ^3.1.3
574 silly placeDep ROOT micromatch@4.0.8 OK for: tailwindcss@3.4.19 want: ^4.0.8
575 silly placeDep ROOT normalize-path@3.0.0 OK for: tailwindcss@3.4.19 want: ^3.0.0
576 silly placeDep ROOT object-hash@3.0.0 OK for: tailwindcss@3.4.19 want: ^3.0.0
577 silly placeDep ROOT postcss-import@15.1.0 OK for: tailwindcss@3.4.19 want: ^15.1.0
578 silly placeDep ROOT postcss-js@4.1.0 OK for: tailwindcss@3.4.19 want: ^4.0.1
579 silly placeDep ROOT postcss-load-config@6.0.1 OK for: tailwindcss@3.4.19 want: ^4.0.2 || ^5.0 || ^6.0
580 silly placeDep ROOT postcss-nested@6.2.0 OK for: tailwindcss@3.4.19 want: ^6.2.0
581 silly placeDep ROOT postcss-selector-parser@6.1.4 OK for: tailwindcss@3.4.19 want: ^6.1.2
582 silly placeDep ROOT resolve@1.22.12 OK for: tailwindcss@3.4.19 want: ^1.22.8
583 silly placeDep ROOT sucrase@3.35.1 OK for: tailwindcss@3.4.19 want: ^3.35.0
584 silly fetch manifest braces@~3.0.2
585 silly packumentCache full:https://registry.npmjs.org/braces cache-miss
586 http fetch GET 200 https://registry.npmjs.org/braces 25ms (cache miss)
587 silly packumentCache full:https://registry.npmjs.org/braces set size:undefined disposed:false
588 silly fetch manifest is-glob@~4.0.1
589 silly packumentCache full:https://registry.npmjs.org/is-glob cache-miss
590 http fetch GET 200 https://registry.npmjs.org/is-glob 5ms (cache hit)
591 silly packumentCache full:https://registry.npmjs.org/is-glob set size:40530 disposed:false
592 silly fetch manifest anymatch@~3.1.2
593 silly packumentCache full:https://registry.npmjs.org/anymatch cache-miss
594 http fetch GET 200 https://registry.npmjs.org/anymatch 22ms (cache miss)
595 silly packumentCache full:https://registry.npmjs.org/anymatch set size:undefined disposed:false
596 silly fetch manifest readdirp@~3.6.0
597 silly packumentCache full:https://registry.npmjs.org/readdirp cache-miss
598 http fetch GET 200 https://registry.npmjs.org/readdirp 26ms (cache miss)
599 silly packumentCache full:https://registry.npmjs.org/readdirp set size:undefined disposed:false
600 silly fetch manifest glob-parent@~5.1.2
601 silly packumentCache full:https://registry.npmjs.org/glob-parent cache-miss
602 http fetch GET 200 https://registry.npmjs.org/glob-parent 3ms (cache hit)
603 silly packumentCache full:https://registry.npmjs.org/glob-parent set size:42445 disposed:false
604 silly fetch manifest is-binary-path@~2.1.0
605 silly packumentCache full:https://registry.npmjs.org/is-binary-path cache-miss
606 http fetch GET 200 https://registry.npmjs.org/is-binary-path 21ms (cache miss)
607 silly packumentCache full:https://registry.npmjs.org/is-binary-path set size:undefined disposed:false
608 silly fetch manifest normalize-path@~3.0.0
609 silly packumentCache full:https://registry.npmjs.org/normalize-path cache-miss
610 http fetch GET 200 https://registry.npmjs.org/normalize-path 6ms (cache hit)
611 silly packumentCache full:https://registry.npmjs.org/normalize-path set size:28713 disposed:false
612 silly fetch manifest fsevents@~2.3.2
613 silly packumentCache full:https://registry.npmjs.org/fsevents cache-miss
614 http fetch GET 200 https://registry.npmjs.org/fsevents 2ms (cache hit)
615 silly packumentCache full:https://registry.npmjs.org/fsevents set size:182472 disposed:false
616 silly fetch manifest @nodelib/fs.stat@^2.0.2
617 silly packumentCache full:https://registry.npmjs.org/@nodelib%2ffs.stat cache-miss
618 http fetch GET 200 https://registry.npmjs.org/@nodelib%2ffs.stat 31ms (cache miss)
619 silly packumentCache full:https://registry.npmjs.org/@nodelib%2ffs.stat set size:undefined disposed:false
620 silly fetch manifest @nodelib/fs.walk@^1.2.3
621 silly packumentCache full:https://registry.npmjs.org/@nodelib%2ffs.walk cache-miss
622 http fetch GET 200 https://registry.npmjs.org/@nodelib%2ffs.walk 32ms (cache miss)
623 silly packumentCache full:https://registry.npmjs.org/@nodelib%2ffs.walk set size:undefined disposed:false
624 silly fetch manifest glob-parent@^5.1.2
625 silly packumentCache full:https://registry.npmjs.org/glob-parent cache-hit
626 silly fetch manifest merge2@^1.3.0
627 silly packumentCache full:https://registry.npmjs.org/merge2 cache-miss
628 http fetch GET 200 https://registry.npmjs.org/merge2 26ms (cache miss)
629 silly packumentCache full:https://registry.npmjs.org/merge2 set size:undefined disposed:false
630 silly fetch manifest is-extglob@^2.1.1
631 silly packumentCache full:https://registry.npmjs.org/is-extglob cache-miss
632 http fetch GET 200 https://registry.npmjs.org/is-extglob 21ms (cache miss)
633 silly packumentCache full:https://registry.npmjs.org/is-extglob set size:undefined disposed:false
634 silly fetch manifest braces@^3.0.3
635 silly packumentCache full:https://registry.npmjs.org/braces cache-miss
636 http fetch GET 200 https://registry.npmjs.org/braces 3ms (cache hit)
637 silly packumentCache full:https://registry.npmjs.org/braces set size:114529 disposed:false
638 silly fetch manifest picomatch@^2.3.1
639 silly packumentCache full:https://registry.npmjs.org/picomatch cache-miss
640 http fetch GET 200 https://registry.npmjs.org/picomatch 27ms (cache miss)
641 silly packumentCache full:https://registry.npmjs.org/picomatch set size:undefined disposed:false
642 silly fetch manifest resolve@^1.1.7
643 silly packumentCache full:https://registry.npmjs.org/resolve cache-miss
644 http fetch GET 200 https://registry.npmjs.org/resolve 7ms (cache hit)
645 silly packumentCache full:https://registry.npmjs.org/resolve set size:244568 disposed:false
646 silly fetch manifest read-cache@^1.0.0
647 silly packumentCache full:https://registry.npmjs.org/read-cache cache-miss
648 http fetch GET 200 https://registry.npmjs.org/read-cache 23ms (cache miss)
649 silly packumentCache full:https://registry.npmjs.org/read-cache set size:undefined disposed:false
650 silly fetch manifest camelcase-css@^2.0.1
651 silly packumentCache full:https://registry.npmjs.org/camelcase-css cache-miss
652 http fetch GET 200 https://registry.npmjs.org/camelcase-css 22ms (cache miss)
653 silly packumentCache full:https://registry.npmjs.org/camelcase-css set size:undefined disposed:false
654 silly fetch manifest postcss-selector-parser@^6.1.1
655 silly packumentCache full:https://registry.npmjs.org/postcss-selector-parser cache-miss
656 http fetch GET 200 https://registry.npmjs.org/postcss-selector-parser 2ms (cache hit)
657 silly packumentCache full:https://registry.npmjs.org/postcss-selector-parser set size:199901 disposed:false
658 silly fetch manifest cssesc@^3.0.0
659 silly packumentCache full:https://registry.npmjs.org/cssesc cache-miss
660 http fetch GET 200 https://registry.npmjs.org/cssesc 31ms (cache miss)
661 silly packumentCache full:https://registry.npmjs.org/cssesc set size:undefined disposed:false
662 silly fetch manifest util-deprecate@^1.0.2
663 silly packumentCache full:https://registry.npmjs.org/util-deprecate cache-miss
664 http fetch GET 200 https://registry.npmjs.org/util-deprecate 24ms (cache miss)
665 silly packumentCache full:https://registry.npmjs.org/util-deprecate set size:undefined disposed:false
666 silly fetch manifest es-errors@^1.3.0
667 silly packumentCache full:https://registry.npmjs.org/es-errors cache-miss
668 http fetch GET 200 https://registry.npmjs.org/es-errors 21ms (cache miss)
669 silly packumentCache full:https://registry.npmjs.org/es-errors set size:undefined disposed:false
670 silly fetch manifest path-parse@^1.0.7
671 silly packumentCache full:https://registry.npmjs.org/path-parse cache-miss
672 http fetch GET 200 https://registry.npmjs.org/path-parse 21ms (cache miss)
673 silly packumentCache full:https://registry.npmjs.org/path-parse set size:undefined disposed:false
674 silly fetch manifest is-core-module@^2.16.1
675 silly packumentCache full:https://registry.npmjs.org/is-core-module cache-miss
676 http fetch GET 200 https://registry.npmjs.org/is-core-module 23ms (cache miss)
677 silly packumentCache full:https://registry.npmjs.org/is-core-module set size:undefined disposed:false
678 silly fetch manifest supports-preserve-symlinks-flag@^1.0.0
679 silly packumentCache full:https://registry.npmjs.org/supports-preserve-symlinks-flag cache-miss
680 http fetch GET 200 https://registry.npmjs.org/supports-preserve-symlinks-flag 24ms (cache miss)
681 silly packumentCache full:https://registry.npmjs.org/supports-preserve-symlinks-flag set size:undefined disposed:false
682 silly fetch manifest commander@^4.0.0
683 silly packumentCache full:https://registry.npmjs.org/commander cache-miss
684 http fetch GET 200 https://registry.npmjs.org/commander 35ms (cache miss)
685 silly packumentCache full:https://registry.npmjs.org/commander set size:undefined disposed:false
686 silly fetch manifest lines-and-columns@^1.1.6
687 silly packumentCache full:https://registry.npmjs.org/lines-and-columns cache-miss
688 http fetch GET 200 https://registry.npmjs.org/lines-and-columns 29ms (cache miss)
689 silly packumentCache full:https://registry.npmjs.org/lines-and-columns set size:undefined disposed:false
690 silly fetch manifest mz@^2.7.0
691 silly packumentCache full:https://registry.npmjs.org/mz cache-miss
692 http fetch GET 200 https://registry.npmjs.org/mz 22ms (cache miss)
693 silly packumentCache full:https://registry.npmjs.org/mz set size:undefined disposed:false
694 silly fetch manifest pirates@^4.0.1
695 silly packumentCache full:https://registry.npmjs.org/pirates cache-miss
696 http fetch GET 200 https://registry.npmjs.org/pirates 23ms (cache miss)
697 silly packumentCache full:https://registry.npmjs.org/pirates set size:undefined disposed:false
698 silly fetch manifest tinyglobby@^0.2.11
699 silly packumentCache full:https://registry.npmjs.org/tinyglobby cache-miss
700 http fetch GET 200 https://registry.npmjs.org/tinyglobby 23ms (cache miss)
701 silly packumentCache full:https://registry.npmjs.org/tinyglobby set size:undefined disposed:false
702 silly fetch manifest ts-interface-checker@^0.1.9
703 silly packumentCache full:https://registry.npmjs.org/ts-interface-checker cache-miss
704 http fetch GET 200 https://registry.npmjs.org/ts-interface-checker 23ms (cache miss)
705 silly packumentCache full:https://registry.npmjs.org/ts-interface-checker set size:undefined disposed:false
706 silly placeDep ROOT anymatch@3.1.3 OK for: chokidar@3.6.0 want: ~3.1.2
707 silly placeDep ROOT braces@3.0.3 OK for: chokidar@3.6.0 want: ~3.0.2
708 silly placeDep ROOT fsevents@2.3.3 OK for: chokidar@3.6.0 want: ~2.3.2
709 silly placeDep node_modules/chokidar glob-parent@5.1.2 OK for: chokidar@3.6.0 want: ~5.1.2
710 silly placeDep ROOT is-binary-path@2.1.0 OK for: chokidar@3.6.0 want: ~2.1.0
711 silly placeDep ROOT readdirp@3.6.0 OK for: chokidar@3.6.0 want: ~3.6.0
712 silly fetch manifest picomatch@^2.0.4
713 silly packumentCache full:https://registry.npmjs.org/picomatch cache-miss
714 http fetch GET 200 https://registry.npmjs.org/picomatch 3ms (cache hit)
715 silly packumentCache full:https://registry.npmjs.org/picomatch set size:134451 disposed:false
716 silly fetch manifest fill-range@^7.1.1
717 silly packumentCache full:https://registry.npmjs.org/fill-range cache-miss
718 http fetch GET 200 https://registry.npmjs.org/fill-range 23ms (cache miss)
719 silly packumentCache full:https://registry.npmjs.org/fill-range set size:undefined disposed:false
720 silly fetch manifest binary-extensions@^2.0.0
721 silly packumentCache full:https://registry.npmjs.org/binary-extensions cache-miss
722 http fetch GET 200 https://registry.npmjs.org/binary-extensions 26ms (cache miss)
723 silly packumentCache full:https://registry.npmjs.org/binary-extensions set size:undefined disposed:false
724 silly fetch manifest picomatch@^2.2.1
725 silly packumentCache full:https://registry.npmjs.org/picomatch cache-hit
726 silly placeDep ROOT picomatch@2.3.2 OK for: anymatch@3.1.3 want: ^2.0.4
727 silly placeDep ROOT fill-range@7.1.1 OK for: braces@3.0.3 want: ^7.1.1
728 silly fetch manifest to-regex-range@^5.0.1
729 silly packumentCache full:https://registry.npmjs.org/to-regex-range cache-miss
730 http fetch GET 200 https://registry.npmjs.org/to-regex-range 24ms (cache miss)
731 silly packumentCache full:https://registry.npmjs.org/to-regex-range set size:undefined disposed:false
732 silly placeDep ROOT @nodelib/fs.stat@2.0.5 OK for: fast-glob@3.3.3 want: ^2.0.2
733 silly placeDep ROOT @nodelib/fs.walk@1.2.8 OK for: fast-glob@3.3.3 want: ^1.2.3
734 silly placeDep node_modules/fast-glob glob-parent@5.1.2 OK for: fast-glob@3.3.3 want: ^5.1.2
735 silly placeDep ROOT merge2@1.4.1 OK for: fast-glob@3.3.3 want: ^1.3.0
736 silly fetch manifest fastq@^1.6.0
737 silly packumentCache full:https://registry.npmjs.org/fastq cache-miss
738 http fetch GET 200 https://registry.npmjs.org/fastq 27ms (cache miss)
739 silly packumentCache full:https://registry.npmjs.org/fastq set size:undefined disposed:false
740 silly fetch manifest @nodelib/fs.scandir@2.1.5
741 silly packumentCache full:https://registry.npmjs.org/@nodelib%2ffs.scandir cache-miss
742 http fetch GET 200 https://registry.npmjs.org/@nodelib%2ffs.scandir 34ms (cache miss)
743 silly packumentCache full:https://registry.npmjs.org/@nodelib%2ffs.scandir set size:undefined disposed:false
744 silly placeDep ROOT @nodelib/fs.scandir@2.1.5 OK for: @nodelib/fs.walk@1.2.8 want: 2.1.5
745 silly placeDep ROOT fastq@1.20.3 OK for: @nodelib/fs.walk@1.2.8 want: ^1.6.0
746 silly fetch manifest run-parallel@^1.1.9
747 silly packumentCache full:https://registry.npmjs.org/run-parallel cache-miss
748 http fetch GET 200 https://registry.npmjs.org/run-parallel 23ms (cache miss)
749 silly packumentCache full:https://registry.npmjs.org/run-parallel set size:undefined disposed:false
750 silly fetch manifest reusify@^1.0.4
751 silly packumentCache full:https://registry.npmjs.org/reusify cache-miss
752 http fetch GET 200 https://registry.npmjs.org/reusify 22ms (cache miss)
753 silly packumentCache full:https://registry.npmjs.org/reusify set size:undefined disposed:false
754 silly placeDep ROOT run-parallel@1.2.0 OK for: @nodelib/fs.scandir@2.1.5 want: ^1.1.9
755 silly fetch manifest queue-microtask@^1.2.2
756 silly packumentCache full:https://registry.npmjs.org/queue-microtask cache-miss
757 http fetch GET 200 https://registry.npmjs.org/queue-microtask 23ms (cache miss)
758 silly packumentCache full:https://registry.npmjs.org/queue-microtask set size:undefined disposed:false
759 silly placeDep ROOT reusify@1.1.0 OK for: fastq@1.20.3 want: ^1.0.4
760 silly placeDep ROOT to-regex-range@5.0.1 OK for: fill-range@7.1.1 want: ^5.0.1
761 silly fetch manifest is-number@^7.0.0
762 silly packumentCache full:https://registry.npmjs.org/is-number cache-miss
763 http fetch GET 200 https://registry.npmjs.org/is-number 24ms (cache miss)
764 silly packumentCache full:https://registry.npmjs.org/is-number set size:undefined disposed:false
765 silly placeDep ROOT binary-extensions@2.3.0 OK for: is-binary-path@2.1.0 want: ^2.0.0
766 silly placeDep ROOT is-extglob@2.1.1 OK for: is-glob@4.0.3 want: ^2.1.1
767 silly placeDep ROOT read-cache@1.0.2 OK for: postcss-import@15.1.0 want: ^1.0.0
768 silly placeDep ROOT camelcase-css@2.0.1 OK for: postcss-js@4.1.0 want: ^2.0.1
769 silly placeDep ROOT cssesc@3.0.0 OK for: postcss-selector-parser@6.1.4 want: ^3.0.0
770 silly placeDep ROOT util-deprecate@1.0.2 OK for: postcss-selector-parser@6.1.4 want: ^1.0.2
771 silly placeDep ROOT es-errors@1.3.0 OK for: resolve@1.22.12 want: ^1.3.0
772 silly placeDep ROOT is-core-module@2.16.2 OK for: resolve@1.22.12 want: ^2.16.1
773 silly placeDep ROOT path-parse@1.0.7 OK for: resolve@1.22.12 want: ^1.0.7
774 silly placeDep ROOT supports-preserve-symlinks-flag@1.0.0 OK for: resolve@1.22.12 want: ^1.0.0
775 silly fetch manifest hasown@^2.0.3
776 silly packumentCache full:https://registry.npmjs.org/hasown cache-miss
777 http fetch GET 200 https://registry.npmjs.org/hasown 23ms (cache miss)
778 silly packumentCache full:https://registry.npmjs.org/hasown set size:undefined disposed:false
779 silly placeDep ROOT hasown@2.0.4 OK for: is-core-module@2.16.2 want: ^2.0.3
780 silly fetch manifest function-bind@^1.1.2
781 silly packumentCache full:https://registry.npmjs.org/function-bind cache-miss
782 http fetch GET 200 https://registry.npmjs.org/function-bind 21ms (cache miss)
783 silly packumentCache full:https://registry.npmjs.org/function-bind set size:undefined disposed:false
784 silly placeDep ROOT function-bind@1.1.2 OK for: hasown@2.0.4 want: ^1.1.2
785 silly placeDep ROOT queue-microtask@1.2.3 OK for: run-parallel@1.2.0 want: ^1.2.2
786 silly placeDep ROOT commander@4.1.1 OK for: sucrase@3.35.1 want: ^4.0.0
787 silly placeDep ROOT lines-and-columns@1.2.4 OK for: sucrase@3.35.1 want: ^1.1.6
788 silly placeDep ROOT mz@2.7.0 OK for: sucrase@3.35.1 want: ^2.7.0
789 silly placeDep ROOT pirates@4.0.7 OK for: sucrase@3.35.1 want: ^4.0.1
790 silly placeDep ROOT tinyglobby@0.2.17 OK for: sucrase@3.35.1 want: ^0.2.11
791 silly placeDep ROOT ts-interface-checker@0.1.13 OK for: sucrase@3.35.1 want: ^0.1.9
792 silly fetch manifest any-promise@^1.0.0
793 silly packumentCache full:https://registry.npmjs.org/any-promise cache-miss
794 http fetch GET 200 https://registry.npmjs.org/any-promise 23ms (cache miss)
795 silly packumentCache full:https://registry.npmjs.org/any-promise set size:undefined disposed:false
796 silly fetch manifest object-assign@^4.0.1
797 silly packumentCache full:https://registry.npmjs.org/object-assign cache-miss
798 http fetch GET 200 https://registry.npmjs.org/object-assign 21ms (cache miss)
799 silly packumentCache full:https://registry.npmjs.org/object-assign set size:undefined disposed:false
800 silly fetch manifest thenify-all@^1.0.0
801 silly packumentCache full:https://registry.npmjs.org/thenify-all cache-miss
802 http fetch GET 200 https://registry.npmjs.org/thenify-all 22ms (cache miss)
803 silly packumentCache full:https://registry.npmjs.org/thenify-all set size:undefined disposed:false
804 silly fetch manifest fdir@^6.5.0
805 silly packumentCache full:https://registry.npmjs.org/fdir cache-miss
806 http fetch GET 200 https://registry.npmjs.org/fdir 31ms (cache miss)
807 silly packumentCache full:https://registry.npmjs.org/fdir set size:undefined disposed:false
808 silly fetch manifest picomatch@^4.0.4
809 silly packumentCache full:https://registry.npmjs.org/picomatch cache-hit
810 silly placeDep ROOT any-promise@1.3.0 OK for: mz@2.7.0 want: ^1.0.0
811 silly placeDep ROOT object-assign@4.1.1 OK for: mz@2.7.0 want: ^4.0.1
812 silly placeDep ROOT thenify-all@1.6.0 OK for: mz@2.7.0 want: ^1.0.0
813 silly fetch manifest thenify@>= 3.1.0 < 4
814 silly packumentCache full:https://registry.npmjs.org/thenify cache-miss
815 http fetch GET 200 https://registry.npmjs.org/thenify 25ms (cache miss)
816 silly packumentCache full:https://registry.npmjs.org/thenify set size:undefined disposed:false
817 silly placeDep ROOT thenify@3.3.1 OK for: thenify-all@1.6.0 want: >= 3.1.0 < 4
818 silly placeDep node_modules/tinyglobby fdir@6.5.0 OK for: tinyglobby@0.2.17 want: ^6.5.0
819 silly placeDep node_modules/tinyglobby picomatch@4.0.7 OK for: fdir@6.5.0 want: ^3 || ^4
820 silly placeDep ROOT is-number@7.0.0 OK for: to-regex-range@5.0.1 want: ^7.0.0
821 silly placeDep ROOT escalade@3.2.0 OK for: update-browserslist-db@1.3.3 want: ^3.2.0
822 silly placeDep ROOT esbuild@0.21.5 OK for: vite@5.4.21 want: ^0.21.3
823 silly placeDep ROOT rollup@4.63.2 OK for: vite@5.4.21 want: ^4.20.0
824 silly fetch manifest @esbuild/aix-ppc64@0.21.5
825 silly packumentCache full:https://registry.npmjs.org/@esbuild%2faix-ppc64 cache-miss
826 http fetch GET 200 https://registry.npmjs.org/@esbuild%2faix-ppc64 29ms (cache miss)
827 silly packumentCache full:https://registry.npmjs.org/@esbuild%2faix-ppc64 set size:undefined disposed:false
828 silly fetch manifest @esbuild/linux-arm@0.21.5
829 silly packumentCache full:https://registry.npmjs.org/@esbuild%2flinux-arm cache-miss
830 http fetch GET 200 https://registry.npmjs.org/@esbuild%2flinux-arm 37ms (cache miss)
831 silly packumentCache full:https://registry.npmjs.org/@esbuild%2flinux-arm set size:undefined disposed:false
832 silly fetch manifest @esbuild/linux-x64@0.21.5
833 silly packumentCache full:https://registry.npmjs.org/@esbuild%2flinux-x64 cache-miss
834 http fetch GET 200 https://registry.npmjs.org/@esbuild%2flinux-x64 35ms (cache miss)
835 silly packumentCache full:https://registry.npmjs.org/@esbuild%2flinux-x64 set size:undefined disposed:false
836 silly fetch manifest @esbuild/sunos-x64@0.21.5
837 silly packumentCache full:https://registry.npmjs.org/@esbuild%2fsunos-x64 cache-miss
838 http fetch GET 200 https://registry.npmjs.org/@esbuild%2fsunos-x64 39ms (cache miss)
839 silly packumentCache full:https://registry.npmjs.org/@esbuild%2fsunos-x64 set size:undefined disposed:false
840 silly fetch manifest @esbuild/win32-x64@0.21.5
841 silly packumentCache full:https://registry.npmjs.org/@esbuild%2fwin32-x64 cache-miss
842 http fetch GET 200 https://registry.npmjs.org/@esbuild%2fwin32-x64 36ms (cache miss)
843 silly packumentCache full:https://registry.npmjs.org/@esbuild%2fwin32-x64 set size:undefined disposed:false
844 silly fetch manifest @esbuild/darwin-x64@0.21.5
845 silly packumentCache full:https://registry.npmjs.org/@esbuild%2fdarwin-x64 cache-miss
846 http fetch GET 200 https://registry.npmjs.org/@esbuild%2fdarwin-x64 36ms (cache miss)
847 silly packumentCache full:https://registry.npmjs.org/@esbuild%2fdarwin-x64 set size:undefined disposed:false
848 silly fetch manifest @esbuild/linux-ia32@0.21.5
849 silly packumentCache full:https://registry.npmjs.org/@esbuild%2flinux-ia32 cache-miss
850 http fetch GET 200 https://registry.npmjs.org/@esbuild%2flinux-ia32 36ms (cache miss)
851 silly packumentCache full:https://registry.npmjs.org/@esbuild%2flinux-ia32 set size:undefined disposed:false
852 silly fetch manifest @esbuild/netbsd-x64@0.21.5
853 silly packumentCache full:https://registry.npmjs.org/@esbuild%2fnetbsd-x64 cache-miss
854 http fetch GET 200 https://registry.npmjs.org/@esbuild%2fnetbsd-x64 39ms (cache miss)
855 silly packumentCache full:https://registry.npmjs.org/@esbuild%2fnetbsd-x64 set size:undefined disposed:false
856 silly fetch manifest @esbuild/win32-ia32@0.21.5
857 silly packumentCache full:https://registry.npmjs.org/@esbuild%2fwin32-ia32 cache-miss
858 http fetch GET 200 https://registry.npmjs.org/@esbuild%2fwin32-ia32 37ms (cache miss)
859 silly packumentCache full:https://registry.npmjs.org/@esbuild%2fwin32-ia32 set size:undefined disposed:false
860 silly fetch manifest @esbuild/android-arm@0.21.5
861 silly packumentCache full:https://registry.npmjs.org/@esbuild%2fandroid-arm cache-miss
862 http fetch GET 200 https://registry.npmjs.org/@esbuild%2fandroid-arm 45ms (cache miss)
863 silly packumentCache full:https://registry.npmjs.org/@esbuild%2fandroid-arm set size:undefined disposed:false
864 silly fetch manifest @esbuild/android-x64@0.21.5
865 silly packumentCache full:https://registry.npmjs.org/@esbuild%2fandroid-x64 cache-miss
866 http fetch GET 200 https://registry.npmjs.org/@esbuild%2fandroid-x64 35ms (cache miss)
867 silly packumentCache full:https://registry.npmjs.org/@esbuild%2fandroid-x64 set size:undefined disposed:false
868 silly fetch manifest @esbuild/freebsd-x64@0.21.5
869 silly packumentCache full:https://registry.npmjs.org/@esbuild%2ffreebsd-x64 cache-miss
870 http fetch GET 200 https://registry.npmjs.org/@esbuild%2ffreebsd-x64 44ms (cache miss)
871 silly packumentCache full:https://registry.npmjs.org/@esbuild%2ffreebsd-x64 set size:undefined disposed:false
872 silly fetch manifest @esbuild/linux-arm64@0.21.5
873 silly packumentCache full:https://registry.npmjs.org/@esbuild%2flinux-arm64 cache-miss
874 http fetch GET 200 https://registry.npmjs.org/@esbuild%2flinux-arm64 36ms (cache miss)
875 silly packumentCache full:https://registry.npmjs.org/@esbuild%2flinux-arm64 set size:undefined disposed:false
876 silly fetch manifest @esbuild/linux-ppc64@0.21.5
877 silly packumentCache full:https://registry.npmjs.org/@esbuild%2flinux-ppc64 cache-miss
878 http fetch GET 200 https://registry.npmjs.org/@esbuild%2flinux-ppc64 39ms (cache miss)
879 silly packumentCache full:https://registry.npmjs.org/@esbuild%2flinux-ppc64 set size:undefined disposed:false
880 silly fetch manifest @esbuild/linux-s390x@0.21.5
881 silly packumentCache full:https://registry.npmjs.org/@esbuild%2flinux-s390x cache-miss
882 http fetch GET 200 https://registry.npmjs.org/@esbuild%2flinux-s390x 37ms (cache miss)
883 silly packumentCache full:https://registry.npmjs.org/@esbuild%2flinux-s390x set size:undefined disposed:false
884 silly fetch manifest @esbuild/openbsd-x64@0.21.5
885 silly packumentCache full:https://registry.npmjs.org/@esbuild%2fopenbsd-x64 cache-miss
886 http fetch GET 200 https://registry.npmjs.org/@esbuild%2fopenbsd-x64 42ms (cache miss)
887 silly packumentCache full:https://registry.npmjs.org/@esbuild%2fopenbsd-x64 set size:undefined disposed:false
888 silly fetch manifest @esbuild/win32-arm64@0.21.5
889 silly packumentCache full:https://registry.npmjs.org/@esbuild%2fwin32-arm64 cache-miss
890 http fetch GET 200 https://registry.npmjs.org/@esbuild%2fwin32-arm64 43ms (cache miss)
891 silly packumentCache full:https://registry.npmjs.org/@esbuild%2fwin32-arm64 set size:undefined disposed:false
892 silly fetch manifest @esbuild/darwin-arm64@0.21.5
893 silly packumentCache full:https://registry.npmjs.org/@esbuild%2fdarwin-arm64 cache-miss
894 http fetch GET 200 https://registry.npmjs.org/@esbuild%2fdarwin-arm64 38ms (cache miss)
895 silly packumentCache full:https://registry.npmjs.org/@esbuild%2fdarwin-arm64 set size:undefined disposed:false
896 silly fetch manifest @esbuild/android-arm64@0.21.5
897 silly packumentCache full:https://registry.npmjs.org/@esbuild%2fandroid-arm64 cache-miss
898 http fetch GET 200 https://registry.npmjs.org/@esbuild%2fandroid-arm64 39ms (cache miss)
899 silly packumentCache full:https://registry.npmjs.org/@esbuild%2fandroid-arm64 set size:undefined disposed:false
900 silly fetch manifest @esbuild/freebsd-arm64@0.21.5
901 silly packumentCache full:https://registry.npmjs.org/@esbuild%2ffreebsd-arm64 cache-miss
902 http fetch GET 200 https://registry.npmjs.org/@esbuild%2ffreebsd-arm64 39ms (cache miss)
903 silly packumentCache full:https://registry.npmjs.org/@esbuild%2ffreebsd-arm64 set size:undefined disposed:false
904 silly fetch manifest @esbuild/linux-loong64@0.21.5
905 silly packumentCache full:https://registry.npmjs.org/@esbuild%2flinux-loong64 cache-miss
906 http fetch GET 200 https://registry.npmjs.org/@esbuild%2flinux-loong64 38ms (cache miss)
907 silly packumentCache full:https://registry.npmjs.org/@esbuild%2flinux-loong64 set size:undefined disposed:false
908 silly fetch manifest @esbuild/linux-riscv64@0.21.5
909 silly packumentCache full:https://registry.npmjs.org/@esbuild%2flinux-riscv64 cache-miss
910 http fetch GET 200 https://registry.npmjs.org/@esbuild%2flinux-riscv64 36ms (cache miss)
911 silly packumentCache full:https://registry.npmjs.org/@esbuild%2flinux-riscv64 set size:undefined disposed:false
912 silly fetch manifest @esbuild/linux-mips64el@0.21.5
913 silly packumentCache full:https://registry.npmjs.org/@esbuild%2flinux-mips64el cache-miss
914 http fetch GET 200 https://registry.npmjs.org/@esbuild%2flinux-mips64el 38ms (cache miss)
915 silly packumentCache full:https://registry.npmjs.org/@esbuild%2flinux-mips64el set size:undefined disposed:false
916 silly fetch manifest @types/estree@1.0.9
917 silly packumentCache full:https://registry.npmjs.org/@types%2festree cache-miss
918 http fetch GET 200 https://registry.npmjs.org/@types%2festree 29ms (cache miss)
919 silly packumentCache full:https://registry.npmjs.org/@types%2festree set size:undefined disposed:false
920 silly fetch manifest @rollup/rollup-darwin-x64@4.63.2
921 silly packumentCache full:https://registry.npmjs.org/@rollup%2frollup-darwin-x64 cache-miss
922 http fetch GET 200 https://registry.npmjs.org/@rollup%2frollup-darwin-x64 41ms (cache miss)
923 silly packumentCache full:https://registry.npmjs.org/@rollup%2frollup-darwin-x64 set size:undefined disposed:false
924 silly fetch manifest @rollup/rollup-freebsd-x64@4.63.2
925 silly packumentCache full:https://registry.npmjs.org/@rollup%2frollup-freebsd-x64 cache-miss
926 http fetch GET 200 https://registry.npmjs.org/@rollup%2frollup-freebsd-x64 35ms (cache miss)
927 silly packumentCache full:https://registry.npmjs.org/@rollup%2frollup-freebsd-x64 set size:undefined disposed:false
928 silly fetch manifest @rollup/rollup-openbsd-x64@4.63.2
929 silly packumentCache full:https://registry.npmjs.org/@rollup%2frollup-openbsd-x64 cache-miss
930 http fetch GET 200 https://registry.npmjs.org/@rollup%2frollup-openbsd-x64 34ms (cache miss)
931 silly packumentCache full:https://registry.npmjs.org/@rollup%2frollup-openbsd-x64 set size:undefined disposed:false
932 silly fetch manifest @napi-rs/lzma-linux-x64-gnu@1.5.1
933 silly packumentCache full:https://registry.npmjs.org/@napi-rs%2flzma-linux-x64-gnu cache-miss
934 http fetch GET 200 https://registry.npmjs.org/@napi-rs%2flzma-linux-x64-gnu 32ms (cache miss)
935 silly packumentCache full:https://registry.npmjs.org/@napi-rs%2flzma-linux-x64-gnu set size:undefined disposed:false
936 silly fetch manifest @rollup/rollup-darwin-arm64@4.63.2
937 silly packumentCache full:https://registry.npmjs.org/@rollup%2frollup-darwin-arm64 cache-miss
938 http fetch GET 200 https://registry.npmjs.org/@rollup%2frollup-darwin-arm64 40ms (cache miss)
939 silly packumentCache full:https://registry.npmjs.org/@rollup%2frollup-darwin-arm64 set size:undefined disposed:false
940 silly fetch manifest @rollup/rollup-android-arm64@4.63.2
941 silly packumentCache full:https://registry.npmjs.org/@rollup%2frollup-android-arm64 cache-miss
942 http fetch GET 200 https://registry.npmjs.org/@rollup%2frollup-android-arm64 44ms (cache miss)
943 silly packumentCache full:https://registry.npmjs.org/@rollup%2frollup-android-arm64 set size:undefined disposed:false
944 silly fetch manifest @rollup/rollup-freebsd-arm64@4.63.2
945 silly packumentCache full:https://registry.npmjs.org/@rollup%2frollup-freebsd-arm64 cache-miss
946 http fetch GET 200 https://registry.npmjs.org/@rollup%2frollup-freebsd-arm64 38ms (cache miss)
947 silly packumentCache full:https://registry.npmjs.org/@rollup%2frollup-freebsd-arm64 set size:undefined disposed:false
948 silly fetch manifest @rollup/rollup-linux-x64-gnu@4.63.2
949 silly packumentCache full:https://registry.npmjs.org/@rollup%2frollup-linux-x64-gnu cache-miss
950 http fetch GET 200 https://registry.npmjs.org/@rollup%2frollup-linux-x64-gnu 37ms (cache miss)
951 silly packumentCache full:https://registry.npmjs.org/@rollup%2frollup-linux-x64-gnu set size:undefined disposed:false
952 silly fetch manifest @rollup/rollup-win32-x64-gnu@4.63.2
953 silly packumentCache full:https://registry.npmjs.org/@rollup%2frollup-win32-x64-gnu cache-miss
954 http fetch GET 200 https://registry.npmjs.org/@rollup%2frollup-win32-x64-gnu 37ms (cache miss)
955 silly packumentCache full:https://registry.npmjs.org/@rollup%2frollup-win32-x64-gnu set size:undefined disposed:false
956 silly fetch manifest @rollup/rollup-linux-x64-musl@4.63.2
957 silly packumentCache full:https://registry.npmjs.org/@rollup%2frollup-linux-x64-musl cache-miss
958 http fetch GET 200 https://registry.npmjs.org/@rollup%2frollup-linux-x64-musl 39ms (cache miss)
959 silly packumentCache full:https://registry.npmjs.org/@rollup%2frollup-linux-x64-musl set size:undefined disposed:false
960 silly fetch manifest @rollup/rollup-win32-x64-msvc@4.63.2
961 silly packumentCache full:https://registry.npmjs.org/@rollup%2frollup-win32-x64-msvc cache-miss
962 http fetch GET 200 https://registry.npmjs.org/@rollup%2frollup-win32-x64-msvc 40ms (cache miss)
963 silly packumentCache full:https://registry.npmjs.org/@rollup%2frollup-win32-x64-msvc set size:undefined disposed:false
964 silly fetch manifest @rollup/rollup-linux-arm64-gnu@4.63.2
965 silly packumentCache full:https://registry.npmjs.org/@rollup%2frollup-linux-arm64-gnu cache-miss
966 http fetch GET 200 https://registry.npmjs.org/@rollup%2frollup-linux-arm64-gnu 39ms (cache miss)
967 silly packumentCache full:https://registry.npmjs.org/@rollup%2frollup-linux-arm64-gnu set size:undefined disposed:false
968 silly fetch manifest @rollup/rollup-linux-ppc64-gnu@4.63.2
969 silly packumentCache full:https://registry.npmjs.org/@rollup%2frollup-linux-ppc64-gnu cache-miss
970 http fetch GET 200 https://registry.npmjs.org/@rollup%2frollup-linux-ppc64-gnu 34ms (cache miss)
971 silly packumentCache full:https://registry.npmjs.org/@rollup%2frollup-linux-ppc64-gnu set size:undefined disposed:false
972 silly fetch manifest @rollup/rollup-linux-s390x-gnu@4.63.2
973 silly packumentCache full:https://registry.npmjs.org/@rollup%2frollup-linux-s390x-gnu cache-miss
974 http fetch GET 200 https://registry.npmjs.org/@rollup%2frollup-linux-s390x-gnu 38ms (cache miss)
975 silly packumentCache full:https://registry.npmjs.org/@rollup%2frollup-linux-s390x-gnu set size:undefined disposed:false
976 silly fetch manifest @rollup/rollup-win32-ia32-msvc@4.63.2
977 silly packumentCache full:https://registry.npmjs.org/@rollup%2frollup-win32-ia32-msvc cache-miss
978 http fetch GET 200 https://registry.npmjs.org/@rollup%2frollup-win32-ia32-msvc 39ms (cache miss)
979 silly packumentCache full:https://registry.npmjs.org/@rollup%2frollup-win32-ia32-msvc set size:undefined disposed:false
980 silly fetch manifest @rollup/rollup-android-arm-eabi@4.63.2
981 silly packumentCache full:https://registry.npmjs.org/@rollup%2frollup-android-arm-eabi cache-miss
982 http fetch GET 200 https://registry.npmjs.org/@rollup%2frollup-android-arm-eabi 41ms (cache miss)
983 silly packumentCache full:https://registry.npmjs.org/@rollup%2frollup-android-arm-eabi set size:undefined disposed:false
984 silly fetch manifest @rollup/rollup-linux-arm64-musl@4.63.2
985 silly packumentCache full:https://registry.npmjs.org/@rollup%2frollup-linux-arm64-musl cache-miss
986 http fetch GET 200 https://registry.npmjs.org/@rollup%2frollup-linux-arm64-musl 50ms (cache miss)
987 silly packumentCache full:https://registry.npmjs.org/@rollup%2frollup-linux-arm64-musl set size:undefined disposed:false
988 silly fetch manifest @rollup/rollup-linux-ppc64-musl@4.63.2
989 silly packumentCache full:https://registry.npmjs.org/@rollup%2frollup-linux-ppc64-musl cache-miss
990 http fetch GET 200 https://registry.npmjs.org/@rollup%2frollup-linux-ppc64-musl 36ms (cache miss)
991 silly packumentCache full:https://registry.npmjs.org/@rollup%2frollup-linux-ppc64-musl set size:undefined disposed:false
992 silly fetch manifest @rollup/rollup-win32-arm64-msvc@4.63.2
993 silly packumentCache full:https://registry.npmjs.org/@rollup%2frollup-win32-arm64-msvc cache-miss
994 http fetch GET 200 https://registry.npmjs.org/@rollup%2frollup-win32-arm64-msvc 42ms (cache miss)
995 silly packumentCache full:https://registry.npmjs.org/@rollup%2frollup-win32-arm64-msvc set size:undefined disposed:false
996 silly fetch manifest @rollup/rollup-linux-loong64-gnu@4.63.2
997 silly packumentCache full:https://registry.npmjs.org/@rollup%2frollup-linux-loong64-gnu cache-miss
998 http fetch GET 200 https://registry.npmjs.org/@rollup%2frollup-linux-loong64-gnu 33ms (cache miss)
999 silly packumentCache full:https://registry.npmjs.org/@rollup%2frollup-linux-loong64-gnu set size:undefined disposed:false
1000 silly fetch manifest @rollup/rollup-linux-riscv64-gnu@4.63.2
1001 silly packumentCache full:https://registry.npmjs.org/@rollup%2frollup-linux-riscv64-gnu cache-miss
1002 http fetch GET 200 https://registry.npmjs.org/@rollup%2frollup-linux-riscv64-gnu 37ms (cache miss)
1003 silly packumentCache full:https://registry.npmjs.org/@rollup%2frollup-linux-riscv64-gnu set size:undefined disposed:false
1004 silly fetch manifest @rollup/rollup-openharmony-arm64@4.63.2
1005 silly packumentCache full:https://registry.npmjs.org/@rollup%2frollup-openharmony-arm64 cache-miss
1006 http fetch GET 200 https://registry.npmjs.org/@rollup%2frollup-openharmony-arm64 32ms (cache miss)
1007 silly packumentCache full:https://registry.npmjs.org/@rollup%2frollup-openharmony-arm64 set size:undefined disposed:false
1008 silly fetch manifest @rollup/rollup-linux-loong64-musl@4.63.2
1009 silly packumentCache full:https://registry.npmjs.org/@rollup%2frollup-linux-loong64-musl cache-miss
1010 http fetch GET 200 https://registry.npmjs.org/@rollup%2frollup-linux-loong64-musl 35ms (cache miss)
1011 silly packumentCache full:https://registry.npmjs.org/@rollup%2frollup-linux-loong64-musl set size:undefined disposed:false
1012 silly fetch manifest @rollup/rollup-linux-riscv64-musl@4.63.2
1013 silly packumentCache full:https://registry.npmjs.org/@rollup%2frollup-linux-riscv64-musl cache-miss
1014 http fetch GET 200 https://registry.npmjs.org/@rollup%2frollup-linux-riscv64-musl 35ms (cache miss)
1015 silly packumentCache full:https://registry.npmjs.org/@rollup%2frollup-linux-riscv64-musl set size:undefined disposed:false
1016 silly fetch manifest @rollup/rollup-linux-arm-gnueabihf@4.63.2
1017 silly packumentCache full:https://registry.npmjs.org/@rollup%2frollup-linux-arm-gnueabihf cache-miss
1018 http fetch GET 200 https://registry.npmjs.org/@rollup%2frollup-linux-arm-gnueabihf 42ms (cache miss)
1019 silly packumentCache full:https://registry.npmjs.org/@rollup%2frollup-linux-arm-gnueabihf set size:undefined disposed:false
1020 silly fetch manifest @rollup/rollup-linux-arm-musleabihf@4.63.2
1021 silly packumentCache full:https://registry.npmjs.org/@rollup%2frollup-linux-arm-musleabihf cache-miss
1022 http fetch GET 200 https://registry.npmjs.org/@rollup%2frollup-linux-arm-musleabihf 38ms (cache miss)
1023 silly packumentCache full:https://registry.npmjs.org/@rollup%2frollup-linux-arm-musleabihf set size:undefined disposed:false
1024 silly placeDep ROOT @esbuild/aix-ppc64@0.21.5 OK for: esbuild@0.21.5 want: 0.21.5
1025 silly placeDep ROOT @esbuild/android-arm@0.21.5 OK for: esbuild@0.21.5 want: 0.21.5
1026 silly placeDep ROOT @esbuild/android-arm64@0.21.5 OK for: esbuild@0.21.5 want: 0.21.5
1027 silly placeDep ROOT @esbuild/android-x64@0.21.5 OK for: esbuild@0.21.5 want: 0.21.5
1028 silly placeDep ROOT @esbuild/darwin-arm64@0.21.5 OK for: esbuild@0.21.5 want: 0.21.5
1029 silly placeDep ROOT @esbuild/darwin-x64@0.21.5 OK for: esbuild@0.21.5 want: 0.21.5
1030 silly placeDep ROOT @esbuild/freebsd-arm64@0.21.5 OK for: esbuild@0.21.5 want: 0.21.5
1031 silly placeDep ROOT @esbuild/freebsd-x64@0.21.5 OK for: esbuild@0.21.5 want: 0.21.5
1032 silly placeDep ROOT @esbuild/linux-arm@0.21.5 OK for: esbuild@0.21.5 want: 0.21.5
1033 silly placeDep ROOT @esbuild/linux-arm64@0.21.5 OK for: esbuild@0.21.5 want: 0.21.5
1034 silly placeDep ROOT @esbuild/linux-ia32@0.21.5 OK for: esbuild@0.21.5 want: 0.21.5
1035 silly placeDep ROOT @esbuild/linux-loong64@0.21.5 OK for: esbuild@0.21.5 want: 0.21.5
1036 silly placeDep ROOT @esbuild/linux-mips64el@0.21.5 OK for: esbuild@0.21.5 want: 0.21.5
1037 silly placeDep ROOT @esbuild/linux-ppc64@0.21.5 OK for: esbuild@0.21.5 want: 0.21.5
1038 silly placeDep ROOT @esbuild/linux-riscv64@0.21.5 OK for: esbuild@0.21.5 want: 0.21.5
1039 silly placeDep ROOT @esbuild/linux-s390x@0.21.5 OK for: esbuild@0.21.5 want: 0.21.5
1040 silly placeDep ROOT @esbuild/linux-x64@0.21.5 OK for: esbuild@0.21.5 want: 0.21.5
1041 silly placeDep ROOT @esbuild/netbsd-x64@0.21.5 OK for: esbuild@0.21.5 want: 0.21.5
1042 silly placeDep ROOT @esbuild/openbsd-x64@0.21.5 OK for: esbuild@0.21.5 want: 0.21.5
1043 silly placeDep ROOT @esbuild/sunos-x64@0.21.5 OK for: esbuild@0.21.5 want: 0.21.5
1044 silly placeDep ROOT @esbuild/win32-arm64@0.21.5 OK for: esbuild@0.21.5 want: 0.21.5
1045 silly placeDep ROOT @esbuild/win32-ia32@0.21.5 OK for: esbuild@0.21.5 want: 0.21.5
1046 silly placeDep ROOT @esbuild/win32-x64@0.21.5 OK for: esbuild@0.21.5 want: 0.21.5
1047 silly placeDep ROOT @napi-rs/lzma-linux-x64-gnu@1.5.1 OK for: rollup@4.63.2 want: 1.5.1
1048 silly placeDep ROOT @rollup/rollup-android-arm-eabi@4.63.2 OK for: rollup@4.63.2 want: 4.63.2
1049 silly placeDep ROOT @rollup/rollup-android-arm64@4.63.2 OK for: rollup@4.63.2 want: 4.63.2
1050 silly placeDep ROOT @rollup/rollup-darwin-arm64@4.63.2 OK for: rollup@4.63.2 want: 4.63.2
1051 silly placeDep ROOT @rollup/rollup-darwin-x64@4.63.2 OK for: rollup@4.63.2 want: 4.63.2
1052 silly placeDep ROOT @rollup/rollup-freebsd-arm64@4.63.2 OK for: rollup@4.63.2 want: 4.63.2
1053 silly placeDep ROOT @rollup/rollup-freebsd-x64@4.63.2 OK for: rollup@4.63.2 want: 4.63.2
1054 silly placeDep ROOT @rollup/rollup-linux-arm-gnueabihf@4.63.2 OK for: rollup@4.63.2 want: 4.63.2
1055 silly placeDep ROOT @rollup/rollup-linux-arm-musleabihf@4.63.2 OK for: rollup@4.63.2 want: 4.63.2
1056 silly placeDep ROOT @rollup/rollup-linux-arm64-gnu@4.63.2 OK for: rollup@4.63.2 want: 4.63.2
1057 silly placeDep ROOT @rollup/rollup-linux-arm64-musl@4.63.2 OK for: rollup@4.63.2 want: 4.63.2
1058 silly placeDep ROOT @rollup/rollup-linux-loong64-gnu@4.63.2 OK for: rollup@4.63.2 want: 4.63.2
1059 silly placeDep ROOT @rollup/rollup-linux-loong64-musl@4.63.2 OK for: rollup@4.63.2 want: 4.63.2
1060 silly placeDep ROOT @rollup/rollup-linux-ppc64-gnu@4.63.2 OK for: rollup@4.63.2 want: 4.63.2
1061 silly placeDep ROOT @rollup/rollup-linux-ppc64-musl@4.63.2 OK for: rollup@4.63.2 want: 4.63.2
1062 silly placeDep ROOT @rollup/rollup-linux-riscv64-gnu@4.63.2 OK for: rollup@4.63.2 want: 4.63.2
1063 silly placeDep ROOT @rollup/rollup-linux-riscv64-musl@4.63.2 OK for: rollup@4.63.2 want: 4.63.2
1064 silly placeDep ROOT @rollup/rollup-linux-s390x-gnu@4.63.2 OK for: rollup@4.63.2 want: 4.63.2
1065 silly placeDep ROOT @rollup/rollup-linux-x64-gnu@4.63.2 OK for: rollup@4.63.2 want: 4.63.2
1066 silly placeDep ROOT @rollup/rollup-linux-x64-musl@4.63.2 OK for: rollup@4.63.2 want: 4.63.2
1067 silly placeDep ROOT @rollup/rollup-openbsd-x64@4.63.2 OK for: rollup@4.63.2 want: 4.63.2
1068 silly placeDep ROOT @rollup/rollup-openharmony-arm64@4.63.2 OK for: rollup@4.63.2 want: 4.63.2
1069 silly placeDep ROOT @rollup/rollup-win32-arm64-msvc@4.63.2 OK for: rollup@4.63.2 want: 4.63.2
1070 silly placeDep ROOT @rollup/rollup-win32-ia32-msvc@4.63.2 OK for: rollup@4.63.2 want: 4.63.2
1071 silly placeDep ROOT @rollup/rollup-win32-x64-gnu@4.63.2 OK for: rollup@4.63.2 want: 4.63.2
1072 silly placeDep ROOT @rollup/rollup-win32-x64-msvc@4.63.2 OK for: rollup@4.63.2 want: 4.63.2
1073 silly placeDep ROOT @types/estree@1.0.9 OK for: rollup@4.63.2 want: 1.0.9
1074 silly reify moves {}
1075 silly audit bulk request {
1075 silly audit   '@supabase/supabase-js': [ '2.109.0' ],
1075 silly audit   '@types/react': [ '18.3.31' ],
1075 silly audit   '@types/react-dom': [ '18.3.7' ],
1075 silly audit   '@vitejs/plugin-react': [ '4.7.0' ],
1075 silly audit   vite: [ '5.4.21' ],
1075 silly audit   autoprefixer: [ '10.5.6' ],
1075 silly audit   postcss: [ '8.5.28' ],
1075 silly audit   react: [ '18.3.1' ],
1075 silly audit   'react-dom': [ '18.3.1' ],
1075 silly audit   tailwindcss: [ '3.4.19' ],
1075 silly audit   typescript: [ '5.9.3' ],
1075 silly audit   '@supabase/auth-js': [ '2.109.0' ],
1075 silly audit   '@supabase/functions-js': [ '2.109.0' ],
1075 silly audit   '@supabase/postgrest-js': [ '2.109.0' ],
1075 silly audit   '@supabase/realtime-js': [ '2.109.0' ],
1075 silly audit   '@supabase/storage-js': [ '2.109.0' ],
1075 silly audit   tslib: [ '2.8.1' ],
1075 silly audit   '@supabase/phoenix': [ '0.4.4' ],
1075 silly audit   'iceberg-js': [ '0.8.1' ],
1075 silly audit   '@types/prop-types': [ '15.7.15' ],
1075 silly audit   csstype: [ '3.2.3' ],
1075 silly audit   '@babel/core': [ '7.29.7' ],
1075 silly audit   '@babel/plugin-transform-react-jsx-self': [ '7.29.7' ],
1075 silly audit   '@babel/plugin-transform-react-jsx-source': [ '7.29.7' ],
1075 silly audit   '@rolldown/pluginutils': [ '1.0.0-beta.27' ],
1075 silly audit   '@types/babel__core': [ '7.20.5' ],
1075 silly audit   'react-refresh': [ '0.17.0' ],
1075 silly audit   '@babel/code-frame': [ '7.29.7' ],
1075 silly audit   '@babel/generator': [ '7.29.8' ],
1075 silly audit   '@babel/helper-compilation-targets': [ '7.29.7' ],
1075 silly audit   '@babel/helper-module-transforms': [ '7.29.7' ],
1075 silly audit   '@babel/helpers': [ '7.29.7' ],
1075 silly audit   '@babel/parser': [ '7.29.8' ],
1075 silly audit   '@babel/template': [ '7.29.7' ],
1075 silly audit   '@babel/traverse': [ '7.29.8' ],
1075 silly audit   '@babel/types': [ '7.29.8' ],
1075 silly audit   '@jridgewell/remapping': [ '2.3.5' ],
1075 silly audit   'convert-source-map': [ '2.0.0' ],
1075 silly audit   debug: [ '4.4.3' ],
1075 silly audit   gensync: [ '1.0.0-beta.2' ],
1075 silly audit   json5: [ '2.2.3' ],
1075 silly audit   semver: [ '6.3.1' ],
1075 silly audit   '@babel/helper-validator-identifier': [ '7.29.7' ],
1075 silly audit   'js-tokens': [ '4.0.0' ],
1075 silly audit   picocolors: [ '1.1.1' ],
1075 silly audit   '@jridgewell/gen-mapping': [ '0.3.13' ],
1075 silly audit   '@jridgewell/trace-mapping': [ '0.3.31' ],
1075 silly audit   jsesc: [ '3.1.0' ],
1075 silly audit   '@babel/compat-data': [ '7.29.7' ],
1075 silly audit   '@babel/helper-validator-option': [ '7.29.7' ],
1075 silly audit   browserslist: [ '4.28.9' ],
1075 silly audit   'lru-cache': [ '5.1.1' ],
1075 silly audit   '@babel/helper-module-imports': [ '7.29.7' ],
1075 silly audit   '@babel/helper-plugin-utils': [ '7.29.7' ],
1075 silly audit   '@babel/helper-globals': [ '7.29.7' ],
1075 silly audit   '@babel/helper-string-parser': [ '7.29.7' ],
1075 silly audit   '@jridgewell/sourcemap-codec': [ '1.6.0' ],
1075 silly audit   '@jridgewell/resolve-uri': [ '3.1.2' ],
1075 silly audit   '@types/babel__generator': [ '7.27.0' ],
1075 silly audit   '@types/babel__template': [ '7.4.4' ],
1075 silly audit   '@types/babel__traverse': [ '7.28.0' ],
1075 silly audit   'caniuse-lite': [ '1.0.30001810' ],
1075 silly audit   'fraction.js': [ '5.3.4' ],
1075 silly audit   'postcss-value-parser': [ '4.2.0' ],
1075 silly audit   'baseline-browser-mapping': [ '2.11.22' ],
1075 silly audit   'electron-to-chromium': [ '1.5.427' ],
1075 silly audit   'node-releases': [ '2.0.55' ],
1075 silly audit   'update-browserslist-db': [ '1.3.3' ],
1075 silly audit   ms: [ '2.1.3' ],
1075 silly audit   yallist: [ '3.1.1' ],
1075 silly audit   nanoid: [ '3.3.19' ],
1075 silly audit   'source-map-js': [ '1.2.1' ],
1075 silly audit   'loose-envify': [ '1.4.0' ],
1075 silly audit   scheduler: [ '0.23.2' ],
1075 silly audit   '@alloc/quick-lru': [ '5.3.0' ],
1075 silly audit   arg: [ '5.0.2' ],
1075 silly audit   chokidar: [ '3.6.0' ],
1075 silly audit   didyoumean: [ '1.2.2' ],
1075 silly audit   dlv: [ '1.1.3' ],
1075 silly audit   'fast-glob': [ '3.3.3' ],
1075 silly audit   'glob-parent': [ '6.0.2', '5.1.2' ],
1075 silly audit   'is-glob': [ '4.0.3' ],
1075 silly audit   jiti: [ '1.21.7' ],
1075 silly audit   lilconfig: [ '3.1.3' ],
1075 silly audit   micromatch: [ '4.0.8' ],
1075 silly audit   'normalize-path': [ '3.0.0' ],
1075 silly audit   'object-hash': [ '3.0.0' ],
1075 silly audit   'postcss-import': [ '15.1.0' ],
1075 silly audit   'postcss-js': [ '4.1.0' ],
1075 silly audit   'postcss-load-config': [ '6.0.1' ],
1075 silly audit   'postcss-nested': [ '6.2.0' ],
1075 silly audit   'postcss-selector-parser': [ '6.1.4' ],
1075 silly audit   resolve: [ '1.22.12' ],
1075 silly audit   sucrase: [ '3.35.1' ],
1075 silly audit   anymatch: [ '3.1.3' ],
1075 silly audit   braces: [ '3.0.3' ],
1075 silly audit   fsevents: [ '2.3.3' ],
1075 silly audit   'is-binary-path': [ '2.1.0' ],
1075 silly audit   readdirp: [ '3.6.0' ],
1075 silly audit   picomatch: [ '2.3.2', '4.0.7' ],
1075 silly audit   'fill-range': [ '7.1.1' ],
1075 silly audit   '@nodelib/fs.stat': [ '2.0.5' ],
1075 silly audit   '@nodelib/fs.walk': [ '1.2.8' ],
1075 silly audit   merge2: [ '1.4.1' ],
1075 silly audit   '@nodelib/fs.scandir': [ '2.1.5' ],
1075 silly audit   fastq: [ '1.20.3' ],
1075 silly audit   'run-parallel': [ '1.2.0' ],
1075 silly audit   reusify: [ '1.1.0' ],
1075 silly audit   'to-regex-range': [ '5.0.1' ],
1075 silly audit   'binary-extensions': [ '2.3.0' ],
1075 silly audit   'is-extglob': [ '2.1.1' ],
1075 silly audit   'read-cache': [ '1.0.2' ],
1075 silly audit   'camelcase-css': [ '2.0.1' ],
1075 silly audit   cssesc: [ '3.0.0' ],
1075 silly audit   'util-deprecate': [ '1.0.2' ],
1075 silly audit   'es-errors': [ '1.3.0' ],
1075 silly audit   'is-core-module': [ '2.16.2' ],
1075 silly audit   'path-parse': [ '1.0.7' ],
1075 silly audit   'supports-preserve-symlinks-flag': [ '1.0.0' ],
1075 silly audit   hasown: [ '2.0.4' ],
1075 silly audit   'function-bind': [ '1.1.2' ],
1075 silly audit   'queue-microtask': [ '1.2.3' ],
1075 silly audit   commander: [ '4.1.1' ],
1075 silly audit   'lines-and-columns': [ '1.2.4' ],
1075 silly audit   mz: [ '2.7.0' ],
1075 silly audit   pirates: [ '4.0.7' ],
1075 silly audit   tinyglobby: [ '0.2.17' ],
1075 silly audit   'ts-interface-checker': [ '0.1.13' ],
1075 silly audit   'any-promise': [ '1.3.0' ],
1075 silly audit   'object-assign': [ '4.1.1' ],
1075 silly audit   'thenify-all': [ '1.6.0' ],
1075 silly audit   thenify: [ '3.3.1' ],
1075 silly audit   fdir: [ '6.5.0' ],
1075 silly audit   'is-number': [ '7.0.0' ],
1075 silly audit   escalade: [ '3.2.0' ],
1075 silly audit   esbuild: [ '0.21.5' ],
1075 silly audit   rollup: [ '4.63.2' ],
1075 silly audit   '@esbuild/aix-ppc64': [ '0.21.5' ],
1075 silly audit   '@esbuild/android-arm': [ '0.21.5' ],
1075 silly audit   '@esbuild/android-arm64': [ '0.21.5' ],
1075 silly audit   '@esbuild/android-x64': [ '0.21.5' ],
1075 silly audit   '@esbuild/darwin-arm64': [ '0.21.5' ],
1075 silly audit   '@esbuild/darwin-x64': [ '0.21.5' ],
1075 silly audit   '@esbuild/freebsd-arm64': [ '0.21.5' ],
1075 silly audit   '@esbuild/freebsd-x64': [ '0.21.5' ],
1075 silly audit   '@esbuild/linux-arm': [ '0.21.5' ],
1075 silly audit   '@esbuild/linux-arm64': [ '0.21.5' ],
1075 silly audit   '@esbuild/linux-ia32': [ '0.21.5' ],
1075 silly audit   '@esbuild/linux-loong64': [ '0.21.5' ],
1075 silly audit   '@esbuild/linux-mips64el': [ '0.21.5' ],
1075 silly audit   '@esbuild/linux-ppc64': [ '0.21.5' ],
1075 silly audit   '@esbuild/linux-riscv64': [ '0.21.5' ],
1075 silly audit   '@esbuild/linux-s390x': [ '0.21.5' ],
1075 silly audit   '@esbuild/linux-x64': [ '0.21.5' ],
1075 silly audit   '@esbuild/netbsd-x64': [ '0.21.5' ],
1075 silly audit   '@esbuild/openbsd-x64': [ '0.21.5' ],
1075 silly audit   '@esbuild/sunos-x64': [ '0.21.5' ],
1075 silly audit   '@esbuild/win32-arm64': [ '0.21.5' ],
1075 silly audit   '@esbuild/win32-ia32': [ '0.21.5' ],
1075 silly audit   '@esbuild/win32-x64': [ '0.21.5' ],
1075 silly audit   '@napi-rs/lzma-linux-x64-gnu': [ '1.5.1' ],
1075 silly audit   '@rollup/rollup-android-arm-eabi': [ '4.63.2' ],
1075 silly audit   '@rollup/rollup-android-arm64': [ '4.63.2' ],
1075 silly audit   '@rollup/rollup-darwin-arm64': [ '4.63.2' ],
1075 silly audit   '@rollup/rollup-darwin-x64': [ '4.63.2' ],
1075 silly audit   '@rollup/rollup-freebsd-arm64': [ '4.63.2' ],
1075 silly audit   '@rollup/rollup-freebsd-x64': [ '4.63.2' ],
1075 silly audit   '@rollup/rollup-linux-arm-gnueabihf': [ '4.63.2' ],
1075 silly audit   '@rollup/rollup-linux-arm-musleabihf': [ '4.63.2' ],
1075 silly audit   '@rollup/rollup-linux-arm64-gnu': [ '4.63.2' ],
1075 silly audit   '@rollup/rollup-linux-arm64-musl': [ '4.63.2' ],
1075 silly audit   '@rollup/rollup-linux-loong64-gnu': [ '4.63.2' ],
1075 silly audit   '@rollup/rollup-linux-loong64-musl': [ '4.63.2' ],
1075 silly audit   '@rollup/rollup-linux-ppc64-gnu': [ '4.63.2' ],
1075 silly audit   '@rollup/rollup-linux-ppc64-musl': [ '4.63.2' ],
1075 silly audit   '@rollup/rollup-linux-riscv64-gnu': [ '4.63.2' ],
1075 silly audit   '@rollup/rollup-linux-riscv64-musl': [ '4.63.2' ],
1075 silly audit   '@rollup/rollup-linux-s390x-gnu': [ '4.63.2' ],
1075 silly audit   '@rollup/rollup-linux-x64-gnu': [ '4.63.2' ],
1075 silly audit   '@rollup/rollup-linux-x64-musl': [ '4.63.2' ],
1075 silly audit   '@rollup/rollup-openbsd-x64': [ '4.63.2' ],
1075 silly audit   '@rollup/rollup-openharmony-arm64': [ '4.63.2' ],
1075 silly audit   '@rollup/rollup-win32-arm64-msvc': [ '4.63.2' ],
1075 silly audit   '@rollup/rollup-win32-ia32-msvc': [ '4.63.2' ],
1075 silly audit   '@rollup/rollup-win32-x64-gnu': [ '4.63.2' ],
1075 silly audit   '@rollup/rollup-win32-x64-msvc': [ '4.63.2' ],
1075 silly audit   '@types/estree': [ '1.0.9' ]
1075 silly audit }
1076 verbose reify failed optional dependency /home/user/node_modules/@rollup/rollup-win32-x64-msvc
1077 silly reify mark deleted [ '/home/user/node_modules/@rollup/rollup-win32-x64-msvc' ]
1078 verbose reify failed optional dependency /home/user/node_modules/@rollup/rollup-win32-x64-gnu
1079 silly reify mark deleted [ '/home/user/node_modules/@rollup/rollup-win32-x64-gnu' ]
1080 verbose reify failed optional dependency /home/user/node_modules/@rollup/rollup-win32-ia32-msvc
1081 silly reify mark deleted [ '/home/user/node_modules/@rollup/rollup-win32-ia32-msvc' ]
1082 verbose reify failed optional dependency /home/user/node_modules/@rollup/rollup-win32-arm64-msvc
1083 silly reify mark deleted [ '/home/user/node_modules/@rollup/rollup-win32-arm64-msvc' ]
1084 verbose reify failed optional dependency /home/user/node_modules/@rollup/rollup-openharmony-arm64
1085 silly reify mark deleted [ '/home/user/node_modules/@rollup/rollup-openharmony-arm64' ]
1086 verbose reify failed optional dependency /home/user/node_modules/@rollup/rollup-openbsd-x64
1087 silly reify mark deleted [ '/home/user/node_modules/@rollup/rollup-openbsd-x64' ]
1088 verbose reify failed optional dependency /home/user/node_modules/@rollup/rollup-linux-x64-musl
1089 silly reify mark deleted [ '/home/user/node_modules/@rollup/rollup-linux-x64-musl' ]
1090 verbose reify failed optional dependency /home/user/node_modules/@rollup/rollup-linux-s390x-gnu
1091 silly reify mark deleted [ '/home/user/node_modules/@rollup/rollup-linux-s390x-gnu' ]
1092 verbose reify failed optional dependency /home/user/node_modules/@rollup/rollup-linux-riscv64-musl
1093 silly reify mark deleted [ '/home/user/node_modules/@rollup/rollup-linux-riscv64-musl' ]
1094 verbose reify failed optional dependency /home/user/node_modules/@rollup/rollup-linux-riscv64-gnu
1095 silly reify mark deleted [ '/home/user/node_modules/@rollup/rollup-linux-riscv64-gnu' ]
1096 verbose reify failed optional dependency /home/user/node_modules/@rollup/rollup-linux-ppc64-musl
1097 silly reify mark deleted [ '/home/user/node_modules/@rollup/rollup-linux-ppc64-musl' ]
1098 verbose reify failed optional dependency /home/user/node_modules/@rollup/rollup-linux-ppc64-gnu
1099 silly reify mark deleted [ '/home/user/node_modules/@rollup/rollup-linux-ppc64-gnu' ]
1100 verbose reify failed optional dependency /home/user/node_modules/@rollup/rollup-linux-loong64-musl
1101 silly reify mark deleted [ '/home/user/node_modules/@rollup/rollup-linux-loong64-musl' ]
1102 verbose reify failed optional dependency /home/user/node_modules/@rollup/rollup-linux-loong64-gnu
1103 silly reify mark deleted [ '/home/user/node_modules/@rollup/rollup-linux-loong64-gnu' ]
1104 verbose reify failed optional dependency /home/user/node_modules/@rollup/rollup-linux-arm64-musl
1105 silly reify mark deleted [ '/home/user/node_modules/@rollup/rollup-linux-arm64-musl' ]
1106 verbose reify failed optional dependency /home/user/node_modules/@rollup/rollup-linux-arm64-gnu
1107 silly reify mark deleted [ '/home/user/node_modules/@rollup/rollup-linux-arm64-gnu' ]
1108 verbose reify failed optional dependency /home/user/node_modules/@rollup/rollup-linux-arm-musleabihf
1109 silly reify mark deleted [ '/home/user/node_modules/@rollup/rollup-linux-arm-musleabihf' ]
1110 verbose reify failed optional dependency /home/user/node_modules/@rollup/rollup-linux-arm-gnueabihf
1111 silly reify mark deleted [ '/home/user/node_modules/@rollup/rollup-linux-arm-gnueabihf' ]
1112 verbose reify failed optional dependency /home/user/node_modules/@rollup/rollup-freebsd-x64
1113 silly reify mark deleted [ '/home/user/node_modules/@rollup/rollup-freebsd-x64' ]
1114 verbose reify failed optional dependency /home/user/node_modules/@rollup/rollup-freebsd-arm64
1115 silly reify mark deleted [ '/home/user/node_modules/@rollup/rollup-freebsd-arm64' ]
1116 verbose reify failed optional dependency /home/user/node_modules/@rollup/rollup-darwin-x64
1117 silly reify mark deleted [ '/home/user/node_modules/@rollup/rollup-darwin-x64' ]
1118 verbose reify failed optional dependency /home/user/node_modules/@rollup/rollup-darwin-arm64
1119 silly reify mark deleted [ '/home/user/node_modules/@rollup/rollup-darwin-arm64' ]
1120 verbose reify failed optional dependency /home/user/node_modules/@rollup/rollup-android-arm64
1121 silly reify mark deleted [ '/home/user/node_modules/@rollup/rollup-android-arm64' ]
1122 verbose reify failed optional dependency /home/user/node_modules/@rollup/rollup-android-arm-eabi
1123 silly reify mark deleted [ '/home/user/node_modules/@rollup/rollup-android-arm-eabi' ]
1124 verbose reify failed optional dependency /home/user/node_modules/@napi-rs/lzma-linux-x64-gnu
1125 silly reify mark deleted [ '/home/user/node_modules/@napi-rs/lzma-linux-x64-gnu' ]
1126 verbose reify failed optional dependency /home/user/node_modules/@esbuild/win32-x64
1127 silly reify mark deleted [ '/home/user/node_modules/@esbuild/win32-x64' ]
1128 verbose reify failed optional dependency /home/user/node_modules/@esbuild/win32-ia32
1129 silly reify mark deleted [ '/home/user/node_modules/@esbuild/win32-ia32' ]
1130 verbose reify failed optional dependency /home/user/node_modules/@esbuild/win32-arm64
1131 silly reify mark deleted [ '/home/user/node_modules/@esbuild/win32-arm64' ]
1132 verbose reify failed optional dependency /home/user/node_modules/@esbuild/sunos-x64
1133 silly reify mark deleted [ '/home/user/node_modules/@esbuild/sunos-x64' ]
1134 verbose reify failed optional dependency /home/user/node_modules/@esbuild/openbsd-x64
1135 silly reify mark deleted [ '/home/user/node_modules/@esbuild/openbsd-x64' ]
1136 verbose reify failed optional dependency /home/user/node_modules/@esbuild/netbsd-x64
1137 silly reify mark deleted [ '/home/user/node_modules/@esbuild/netbsd-x64' ]
1138 verbose reify failed optional dependency /home/user/node_modules/@esbuild/linux-s390x
1139 silly reify mark deleted [ '/home/user/node_modules/@esbuild/linux-s390x' ]
1140 verbose reify failed optional dependency /home/user/node_modules/@esbuild/linux-riscv64
1141 silly reify mark deleted [ '/home/user/node_modules/@esbuild/linux-riscv64' ]
1142 verbose reify failed optional dependency /home/user/node_modules/@esbuild/linux-ppc64
1143 silly reify mark deleted [ '/home/user/node_modules/@esbuild/linux-ppc64' ]
1144 verbose reify failed optional dependency /home/user/node_modules/@esbuild/linux-mips64el
1145 silly reify mark deleted [ '/home/user/node_modules/@esbuild/linux-mips64el' ]
1146 verbose reify failed optional dependency /home/user/node_modules/@esbuild/linux-loong64
1147 silly reify mark deleted [ '/home/user/node_modules/@esbuild/linux-loong64' ]
1148 verbose reify failed optional dependency /home/user/node_modules/@esbuild/linux-ia32
1149 silly reify mark deleted [ '/home/user/node_modules/@esbuild/linux-ia32' ]
1150 verbose reify failed optional dependency /home/user/node_modules/@esbuild/linux-arm64
1151 silly reify mark deleted [ '/home/user/node_modules/@esbuild/linux-arm64' ]
1152 verbose reify failed optional dependency /home/user/node_modules/@esbuild/linux-arm
1153 silly reify mark deleted [ '/home/user/node_modules/@esbuild/linux-arm' ]
1154 verbose reify failed optional dependency /home/user/node_modules/@esbuild/freebsd-x64
1155 silly reify mark deleted [ '/home/user/node_modules/@esbuild/freebsd-x64' ]
1156 verbose reify failed optional dependency /home/user/node_modules/@esbuild/freebsd-arm64
1157 silly reify mark deleted [ '/home/user/node_modules/@esbuild/freebsd-arm64' ]
1158 verbose reify failed optional dependency /home/user/node_modules/@esbuild/darwin-x64
1159 silly reify mark deleted [ '/home/user/node_modules/@esbuild/darwin-x64' ]
1160 verbose reify failed optional dependency /home/user/node_modules/@esbuild/darwin-arm64
1161 silly reify mark deleted [ '/home/user/node_modules/@esbuild/darwin-arm64' ]
1162 verbose reify failed optional dependency /home/user/node_modules/@esbuild/android-x64
1163 silly reify mark deleted [ '/home/user/node_modules/@esbuild/android-x64' ]
1164 verbose reify failed optional dependency /home/user/node_modules/@esbuild/android-arm64
1165 silly reify mark deleted [ '/home/user/node_modules/@esbuild/android-arm64' ]
1166 verbose reify failed optional dependency /home/user/node_modules/@esbuild/android-arm
1167 silly reify mark deleted [ '/home/user/node_modules/@esbuild/android-arm' ]
1168 verbose reify failed optional dependency /home/user/node_modules/@esbuild/aix-ppc64
1169 silly reify mark deleted [ '/home/user/node_modules/@esbuild/aix-ppc64' ]
1170 verbose reify failed optional dependency /home/user/node_modules/fsevents
1171 silly reify mark deleted [ '/home/user/node_modules/fsevents' ]
1172 silly tarball no local data for @rollup/rollup-linux-x64-gnu@https://registry.npmjs.org/@rollup/rollup-linux-x64-gnu/-/rollup-linux-x64-gnu-4.63.2.tgz. Extracting by manifest.
1173 silly tarball no local data for @esbuild/linux-x64@https://registry.npmjs.org/@esbuild/linux-x64/-/linux-x64-0.21.5.tgz. Extracting by manifest.
1174 silly tarball no local data for esbuild@https://registry.npmjs.org/esbuild/-/esbuild-0.21.5.tgz. Extracting by manifest.
1175 silly tarball no local data for rollup@https://registry.npmjs.org/rollup/-/rollup-4.63.2.tgz. Extracting by manifest.
1176 silly tarball no local data for escalade@https://registry.npmjs.org/escalade/-/escalade-3.2.0.tgz. Extracting by manifest.
1177 silly tarball no local data for thenify@https://registry.npmjs.org/thenify/-/thenify-3.3.1.tgz. Extracting by manifest.
1178 silly tarball no local data for is-number@https://registry.npmjs.org/is-number/-/is-number-7.0.0.tgz. Extracting by manifest.
1179 silly tarball no local data for @types/estree@https://registry.npmjs.org/@types/estree/-/estree-1.0.9.tgz. Extracting by manifest.
1180 silly tarball no local data for thenify-all@https://registry.npmjs.org/thenify-all/-/thenify-all-1.6.0.tgz. Extracting by manifest.
1181 silly tarball no local data for object-assign@https://registry.npmjs.org/object-assign/-/object-assign-4.1.1.tgz. Extracting by manifest.
1182 silly tarball no local data for any-promise@https://registry.npmjs.org/any-promise/-/any-promise-1.3.0.tgz. Extracting by manifest.
1183 silly tarball no local data for ts-interface-checker@https://registry.npmjs.org/ts-interface-checker/-/ts-interface-checker-0.1.13.tgz. Extracting by manifest.
1184 silly tarball no local data for tinyglobby@https://registry.npmjs.org/tinyglobby/-/tinyglobby-0.2.17.tgz. Extracting by manifest.
1185 silly tarball no local data for pirates@https://registry.npmjs.org/pirates/-/pirates-4.0.7.tgz. Extracting by manifest.
1186 silly tarball no local data for mz@https://registry.npmjs.org/mz/-/mz-2.7.0.tgz. Extracting by manifest.
1187 silly tarball no local data for lines-and-columns@https://registry.npmjs.org/lines-and-columns/-/lines-and-columns-1.2.4.tgz. Extracting by manifest.
1188 silly tarball no local data for commander@https://registry.npmjs.org/commander/-/commander-4.1.1.tgz. Extracting by manifest.
1189 silly tarball no local data for queue-microtask@https://registry.npmjs.org/queue-microtask/-/queue-microtask-1.2.3.tgz. Extracting by manifest.
1190 silly tarball no local data for function-bind@https://registry.npmjs.org/function-bind/-/function-bind-1.1.2.tgz. Extracting by manifest.
1191 silly tarball no local data for hasown@https://registry.npmjs.org/hasown/-/hasown-2.0.4.tgz. Extracting by manifest.
1192 silly tarball no local data for supports-preserve-symlinks-flag@https://registry.npmjs.org/supports-preserve-symlinks-flag/-/supports-preserve-symlinks-flag-1.0.0.tgz. Extracting by manifest.
1193 silly tarball no local data for path-parse@https://registry.npmjs.org/path-parse/-/path-parse-1.0.7.tgz. Extracting by manifest.
1194 silly tarball no local data for is-core-module@https://registry.npmjs.org/is-core-module/-/is-core-module-2.16.2.tgz. Extracting by manifest.
1195 silly tarball no local data for es-errors@https://registry.npmjs.org/es-errors/-/es-errors-1.3.0.tgz. Extracting by manifest.
1196 silly tarball no local data for util-deprecate@https://registry.npmjs.org/util-deprecate/-/util-deprecate-1.0.2.tgz. Extracting by manifest.
1197 silly tarball no local data for cssesc@https://registry.npmjs.org/cssesc/-/cssesc-3.0.0.tgz. Extracting by manifest.
1198 silly tarball no local data for camelcase-css@https://registry.npmjs.org/camelcase-css/-/camelcase-css-2.0.1.tgz. Extracting by manifest.
1199 silly tarball no local data for read-cache@https://registry.npmjs.org/read-cache/-/read-cache-1.0.2.tgz. Extracting by manifest.
1200 silly tarball no local data for is-extglob@https://registry.npmjs.org/is-extglob/-/is-extglob-2.1.1.tgz. Extracting by manifest.
1201 silly tarball no local data for binary-extensions@https://registry.npmjs.org/binary-extensions/-/binary-extensions-2.3.0.tgz. Extracting by manifest.
1202 silly tarball no local data for to-regex-range@https://registry.npmjs.org/to-regex-range/-/to-regex-range-5.0.1.tgz. Extracting by manifest.
1203 silly tarball no local data for reusify@https://registry.npmjs.org/reusify/-/reusify-1.1.0.tgz. Extracting by manifest.
1204 silly tarball no local data for run-parallel@https://registry.npmjs.org/run-parallel/-/run-parallel-1.2.0.tgz. Extracting by manifest.
1205 silly tarball no local data for fastq@https://registry.npmjs.org/fastq/-/fastq-1.20.3.tgz. Extracting by manifest.
1206 silly tarball no local data for @nodelib/fs.scandir@https://registry.npmjs.org/@nodelib/fs.scandir/-/fs.scandir-2.1.5.tgz. Extracting by manifest.
1207 silly tarball no local data for merge2@https://registry.npmjs.org/merge2/-/merge2-1.4.1.tgz. Extracting by manifest.
1208 silly tarball no local data for @nodelib/fs.stat@https://registry.npmjs.org/@nodelib/fs.stat/-/fs.stat-2.0.5.tgz. Extracting by manifest.
1209 silly tarball no local data for fill-range@https://registry.npmjs.org/fill-range/-/fill-range-7.1.1.tgz. Extracting by manifest.
1210 silly tarball no local data for picomatch@https://registry.npmjs.org/picomatch/-/picomatch-2.3.2.tgz. Extracting by manifest.
1211 silly tarball no local data for readdirp@https://registry.npmjs.org/readdirp/-/readdirp-3.6.0.tgz. Extracting by manifest.
1212 silly tarball no local data for is-binary-path@https://registry.npmjs.org/is-binary-path/-/is-binary-path-2.1.0.tgz. Extracting by manifest.
1213 silly tarball no local data for braces@https://registry.npmjs.org/braces/-/braces-3.0.3.tgz. Extracting by manifest.
1214 silly tarball no local data for anymatch@https://registry.npmjs.org/anymatch/-/anymatch-3.1.3.tgz. Extracting by manifest.
1215 silly tarball no local data for sucrase@https://registry.npmjs.org/sucrase/-/sucrase-3.35.1.tgz. Extracting by manifest.
1216 silly tarball no local data for resolve@https://registry.npmjs.org/resolve/-/resolve-1.22.12.tgz. Extracting by manifest.
1217 silly tarball no local data for postcss-selector-parser@https://registry.npmjs.org/postcss-selector-parser/-/postcss-selector-parser-6.1.4.tgz. Extracting by manifest.
1218 silly tarball no local data for postcss-nested@https://registry.npmjs.org/postcss-nested/-/postcss-nested-6.2.0.tgz. Extracting by manifest.
1219 silly tarball no local data for postcss-load-config@https://registry.npmjs.org/postcss-load-config/-/postcss-load-config-6.0.1.tgz. Extracting by manifest.
1220 silly tarball no local data for postcss-js@https://registry.npmjs.org/postcss-js/-/postcss-js-4.1.0.tgz. Extracting by manifest.
1221 silly tarball no local data for postcss-import@https://registry.npmjs.org/postcss-import/-/postcss-import-15.1.0.tgz. Extracting by manifest.
1222 silly tarball no local data for object-hash@https://registry.npmjs.org/object-hash/-/object-hash-3.0.0.tgz. Extracting by manifest.
1223 silly tarball no local data for normalize-path@https://registry.npmjs.org/normalize-path/-/normalize-path-3.0.0.tgz. Extracting by manifest.
1224 silly tarball no local data for micromatch@https://registry.npmjs.org/micromatch/-/micromatch-4.0.8.tgz. Extracting by manifest.
1225 silly tarball no local data for lilconfig@https://registry.npmjs.org/lilconfig/-/lilconfig-3.1.3.tgz. Extracting by manifest.
1226 silly tarball no local data for jiti@https://registry.npmjs.org/jiti/-/jiti-1.21.7.tgz. Extracting by manifest.
1227 silly tarball no local data for is-glob@https://registry.npmjs.org/is-glob/-/is-glob-4.0.3.tgz. Extracting by manifest.
1228 silly tarball no local data for glob-parent@https://registry.npmjs.org/glob-parent/-/glob-parent-6.0.2.tgz. Extracting by manifest.
1229 silly tarball no local data for fast-glob@https://registry.npmjs.org/fast-glob/-/fast-glob-3.3.3.tgz. Extracting by manifest.
1230 silly tarball no local data for dlv@https://registry.npmjs.org/dlv/-/dlv-1.1.3.tgz. Extracting by manifest.
1231 silly tarball no local data for didyoumean@https://registry.npmjs.org/didyoumean/-/didyoumean-1.2.2.tgz. Extracting by manifest.
1232 silly tarball no local data for chokidar@https://registry.npmjs.org/chokidar/-/chokidar-3.6.0.tgz. Extracting by manifest.
1233 silly tarball no local data for arg@https://registry.npmjs.org/arg/-/arg-5.0.2.tgz. Extracting by manifest.
1234 silly tarball no local data for @alloc/quick-lru@https://registry.npmjs.org/@alloc/quick-lru/-/quick-lru-5.3.0.tgz. Extracting by manifest.
1235 silly tarball no local data for scheduler@https://registry.npmjs.org/scheduler/-/scheduler-0.23.2.tgz. Extracting by manifest.
1236 silly tarball no local data for loose-envify@https://registry.npmjs.org/loose-envify/-/loose-envify-1.4.0.tgz. Extracting by manifest.
1237 silly tarball no local data for source-map-js@https://registry.npmjs.org/source-map-js/-/source-map-js-1.2.1.tgz. Extracting by manifest.
1238 silly tarball no local data for nanoid@https://registry.npmjs.org/nanoid/-/nanoid-3.3.19.tgz. Extracting by manifest.
1239 silly tarball no local data for yallist@https://registry.npmjs.org/yallist/-/yallist-3.1.1.tgz. Extracting by manifest.
1240 silly tarball no local data for ms@https://registry.npmjs.org/ms/-/ms-2.1.3.tgz. Extracting by manifest.
1241 silly tarball no local data for update-browserslist-db@https://registry.npmjs.org/update-browserslist-db/-/update-browserslist-db-1.3.3.tgz. Extracting by manifest.
1242 silly tarball no local data for node-releases@https://registry.npmjs.org/node-releases/-/node-releases-2.0.55.tgz. Extracting by manifest.
1243 silly tarball no local data for electron-to-chromium@https://registry.npmjs.org/electron-to-chromium/-/electron-to-chromium-1.5.427.tgz. Extracting by manifest.
1244 silly tarball no local data for baseline-browser-mapping@https://registry.npmjs.org/baseline-browser-mapping/-/baseline-browser-mapping-2.11.22.tgz. Extracting by manifest.
1245 silly tarball no local data for postcss-value-parser@https://registry.npmjs.org/postcss-value-parser/-/postcss-value-parser-4.2.0.tgz. Extracting by manifest.
1246 silly tarball no local data for fraction.js@https://registry.npmjs.org/fraction.js/-/fraction.js-5.3.4.tgz. Extracting by manifest.
1247 silly tarball no local data for caniuse-lite@https://registry.npmjs.org/caniuse-lite/-/caniuse-lite-1.0.30001810.tgz. Extracting by manifest.
1248 silly tarball no local data for @types/babel__traverse@https://registry.npmjs.org/@types/babel__traverse/-/babel__traverse-7.28.0.tgz. Extracting by manifest.
1249 silly tarball no local data for @types/babel__template@https://registry.npmjs.org/@types/babel__template/-/babel__template-7.4.4.tgz. Extracting by manifest.
1250 silly tarball no local data for @types/babel__generator@https://registry.npmjs.org/@types/babel__generator/-/babel__generator-7.27.0.tgz. Extracting by manifest.
1251 silly tarball no local data for @jridgewell/resolve-uri@https://registry.npmjs.org/@jridgewell/resolve-uri/-/resolve-uri-3.1.2.tgz. Extracting by manifest.
1252 silly tarball no local data for @jridgewell/sourcemap-codec@https://registry.npmjs.org/@jridgewell/sourcemap-codec/-/sourcemap-codec-1.6.0.tgz. Extracting by manifest.
1253 silly tarball no local data for @babel/helper-string-parser@https://registry.npmjs.org/@babel/helper-string-parser/-/helper-string-parser-7.29.7.tgz. Extracting by manifest.
1254 silly tarball no local data for @babel/helper-globals@https://registry.npmjs.org/@babel/helper-globals/-/helper-globals-7.29.7.tgz. Extracting by manifest.
1255 silly tarball no local data for @babel/helper-plugin-utils@https://registry.npmjs.org/@babel/helper-plugin-utils/-/helper-plugin-utils-7.29.7.tgz. Extracting by manifest.
1256 silly tarball no local data for @babel/helper-module-imports@https://registry.npmjs.org/@babel/helper-module-imports/-/helper-module-imports-7.29.7.tgz. Extracting by manifest.
1257 silly tarball no local data for lru-cache@https://registry.npmjs.org/lru-cache/-/lru-cache-5.1.1.tgz. Extracting by manifest.
1258 silly tarball no local data for browserslist@https://registry.npmjs.org/browserslist/-/browserslist-4.28.9.tgz. Extracting by manifest.
1259 silly tarball no local data for @babel/helper-validator-option@https://registry.npmjs.org/@babel/helper-validator-option/-/helper-validator-option-7.29.7.tgz. Extracting by manifest.
1260 silly tarball no local data for @babel/compat-data@https://registry.npmjs.org/@babel/compat-data/-/compat-data-7.29.7.tgz. Extracting by manifest.
1261 silly tarball no local data for jsesc@https://registry.npmjs.org/jsesc/-/jsesc-3.1.0.tgz. Extracting by manifest.
1262 silly tarball no local data for @jridgewell/trace-mapping@https://registry.npmjs.org/@jridgewell/trace-mapping/-/trace-mapping-0.3.31.tgz. Extracting by manifest.
1263 silly tarball no local data for @jridgewell/gen-mapping@https://registry.npmjs.org/@jridgewell/gen-mapping/-/gen-mapping-0.3.13.tgz. Extracting by manifest.
1264 silly tarball no local data for picocolors@https://registry.npmjs.org/picocolors/-/picocolors-1.1.1.tgz. Extracting by manifest.
1265 silly tarball no local data for js-tokens@https://registry.npmjs.org/js-tokens/-/js-tokens-4.0.0.tgz. Extracting by manifest.
1266 silly tarball no local data for @babel/helper-validator-identifier@https://registry.npmjs.org/@babel/helper-validator-identifier/-/helper-validator-identifier-7.29.7.tgz. Extracting by manifest.
1267 silly tarball no local data for semver@https://registry.npmjs.org/semver/-/semver-6.3.1.tgz. Extracting by manifest.
1268 silly tarball no local data for json5@https://registry.npmjs.org/json5/-/json5-2.2.3.tgz. Extracting by manifest.
1269 silly tarball no local data for gensync@https://registry.npmjs.org/gensync/-/gensync-1.0.0-beta.2.tgz. Extracting by manifest.
1270 silly tarball no local data for debug@https://registry.npmjs.org/debug/-/debug-4.4.3.tgz. Extracting by manifest.
1271 silly tarball no local data for convert-source-map@https://registry.npmjs.org/convert-source-map/-/convert-source-map-2.0.0.tgz. Extracting by manifest.
1272 silly tarball no local data for @jridgewell/remapping@https://registry.npmjs.org/@jridgewell/remapping/-/remapping-2.3.5.tgz. Extracting by manifest.
1273 silly tarball no local data for @babel/types@https://registry.npmjs.org/@babel/types/-/types-7.29.8.tgz. Extracting by manifest.
1274 silly tarball no local data for @babel/traverse@https://registry.npmjs.org/@babel/traverse/-/traverse-7.29.8.tgz. Extracting by manifest.
1275 silly tarball no local data for @babel/template@https://registry.npmjs.org/@babel/template/-/template-7.29.7.tgz. Extracting by manifest.
1276 silly tarball no local data for @babel/parser@https://registry.npmjs.org/@babel/parser/-/parser-7.29.8.tgz. Extracting by manifest.
1277 silly tarball no local data for @babel/helpers@https://registry.npmjs.org/@babel/helpers/-/helpers-7.29.7.tgz. Extracting by manifest.
1278 silly tarball no local data for @babel/helper-module-transforms@https://registry.npmjs.org/@babel/helper-module-transforms/-/helper-module-transforms-7.29.7.tgz. Extracting by manifest.
1279 silly tarball no local data for @babel/helper-compilation-targets@https://registry.npmjs.org/@babel/helper-compilation-targets/-/helper-compilation-targets-7.29.7.tgz. Extracting by manifest.
1280 silly tarball no local data for @babel/generator@https://registry.npmjs.org/@babel/generator/-/generator-7.29.8.tgz. Extracting by manifest.
1281 silly tarball no local data for @babel/code-frame@https://registry.npmjs.org/@babel/code-frame/-/code-frame-7.29.7.tgz. Extracting by manifest.
1282 silly tarball no local data for react-refresh@https://registry.npmjs.org/react-refresh/-/react-refresh-0.17.0.tgz. Extracting by manifest.
1283 silly tarball no local data for @types/babel__core@https://registry.npmjs.org/@types/babel__core/-/babel__core-7.20.5.tgz. Extracting by manifest.
1284 silly tarball no local data for @rolldown/pluginutils@https://registry.npmjs.org/@rolldown/pluginutils/-/pluginutils-1.0.0-beta.27.tgz. Extracting by manifest.
1285 silly tarball no local data for @babel/plugin-transform-react-jsx-source@https://registry.npmjs.org/@babel/plugin-transform-react-jsx-source/-/plugin-transform-react-jsx-source-7.29.7.tgz. Extracting by manifest.
1286 silly tarball no local data for @babel/plugin-transform-react-jsx-self@https://registry.npmjs.org/@babel/plugin-transform-react-jsx-self/-/plugin-transform-react-jsx-self-7.29.7.tgz. Extracting by manifest.
1287 silly tarball no local data for @babel/core@https://registry.npmjs.org/@babel/core/-/core-7.29.7.tgz. Extracting by manifest.
1288 silly tarball no local data for csstype@https://registry.npmjs.org/csstype/-/csstype-3.2.3.tgz. Extracting by manifest.
1289 silly tarball no local data for @types/prop-types@https://registry.npmjs.org/@types/prop-types/-/prop-types-15.7.15.tgz. Extracting by manifest.
1290 silly tarball no local data for iceberg-js@https://registry.npmjs.org/iceberg-js/-/iceberg-js-0.8.1.tgz. Extracting by manifest.
1291 silly tarball no local data for @supabase/phoenix@https://registry.npmjs.org/@supabase/phoenix/-/phoenix-0.4.4.tgz. Extracting by manifest.
1292 silly tarball no local data for tslib@https://registry.npmjs.org/tslib/-/tslib-2.8.1.tgz. Extracting by manifest.
1293 silly tarball no local data for @supabase/storage-js@https://registry.npmjs.org/@supabase/storage-js/-/storage-js-2.109.0.tgz. Extracting by manifest.
1294 silly tarball no local data for @supabase/realtime-js@https://registry.npmjs.org/@supabase/realtime-js/-/realtime-js-2.109.0.tgz. Extracting by manifest.
1295 silly tarball no local data for @supabase/postgrest-js@https://registry.npmjs.org/@supabase/postgrest-js/-/postgrest-js-2.109.0.tgz. Extracting by manifest.
1296 silly tarball no local data for @supabase/functions-js@https://registry.npmjs.org/@supabase/functions-js/-/functions-js-2.109.0.tgz. Extracting by manifest.
1297 silly tarball no local data for @supabase/auth-js@https://registry.npmjs.org/@supabase/auth-js/-/auth-js-2.109.0.tgz. Extracting by manifest.
1298 silly tarball no local data for typescript@https://registry.npmjs.org/typescript/-/typescript-5.9.3.tgz. Extracting by manifest.
1299 silly tarball no local data for tailwindcss@https://registry.npmjs.org/tailwindcss/-/tailwindcss-3.4.19.tgz. Extracting by manifest.
1300 silly tarball no local data for react-dom@https://registry.npmjs.org/react-dom/-/react-dom-18.3.1.tgz. Extracting by manifest.
1301 silly tarball no local data for react@https://registry.npmjs.org/react/-/react-18.3.1.tgz. Extracting by manifest.
1302 silly tarball no local data for postcss@https://registry.npmjs.org/postcss/-/postcss-8.5.28.tgz. Extracting by manifest.
1303 silly tarball no local data for autoprefixer@https://registry.npmjs.org/autoprefixer/-/autoprefixer-10.5.6.tgz. Extracting by manifest.
1304 silly tarball no local data for vite@https://registry.npmjs.org/vite/-/vite-5.4.21.tgz. Extracting by manifest.
1305 silly tarball no local data for @vitejs/plugin-react@https://registry.npmjs.org/@vitejs/plugin-react/-/plugin-react-4.7.0.tgz. Extracting by manifest.
1306 silly tarball no local data for @types/react-dom@https://registry.npmjs.org/@types/react-dom/-/react-dom-18.3.7.tgz. Extracting by manifest.
1307 silly tarball no local data for @types/react@https://registry.npmjs.org/@types/react/-/react-18.3.31.tgz. Extracting by manifest.
1308 silly tarball no local data for @supabase/supabase-js@https://registry.npmjs.org/@supabase/supabase-js/-/supabase-js-2.109.0.tgz. Extracting by manifest.
1309 silly tarball no local data for picomatch@https://registry.npmjs.org/picomatch/-/picomatch-4.0.7.tgz. Extracting by manifest.
1310 silly tarball no local data for fdir@https://registry.npmjs.org/fdir/-/fdir-6.5.0.tgz. Extracting by manifest.
1311 silly tarball no local data for glob-parent@https://registry.npmjs.org/glob-parent/-/glob-parent-5.1.2.tgz. Extracting by manifest.
1312 silly tarball no local data for glob-parent@https://registry.npmjs.org/glob-parent/-/glob-parent-5.1.2.tgz. Extracting by manifest.
1313 silly tarball no local data for @nodelib/fs.walk@https://registry.npmjs.org/@nodelib/fs.walk/-/fs.walk-1.2.8.tgz. Extracting by manifest.
1314 http fetch POST 200 https://registry.npmjs.org/-/npm/v1/security/advisories/bulk 440ms
1315 silly audit report {
1315 silly audit report   vite: [
1315 silly audit report     {
1315 silly audit report       id: 1120784,
1315 silly audit report       url: 'https://github.com/advisories/GHSA-v6wh-96g9-6wx3',
1315 silly audit report       title: 'launch-editor: NTLMv2 hash disclosure via UNC path handling on Windows',
1315 silly audit report       severity: 'moderate',
1315 silly audit report       vulnerable_versions: '<=6.4.2',
1315 silly audit report       cwe: [Array],
1315 silly audit report       cvss: [Object]
1315 silly audit report     },
1315 silly audit report     {
1315 silly audit report       id: 1116229,
1315 silly audit report       url: 'https://github.com/advisories/GHSA-4w7w-66w2-5vf9',
1315 silly audit report       title: 'Vite Vulnerable to Path Traversal in Optimized Deps `.map` Handling',
1315 silly audit report       severity: 'moderate',
1315 silly audit report       vulnerable_versions: '<=6.4.1',
1315 silly audit report       cwe: [Array],
1315 silly audit report       cvss: [Object]
1315 silly audit report     },
1315 silly audit report     {
1315 silly audit report       id: 1123525,
1315 silly audit report       url: 'https://github.com/advisories/GHSA-fx2h-pf6j-xcff',
1315 silly audit report       title: 'vite: `server.fs.deny` bypass on Windows alternate paths',
1315 silly audit report       severity: 'high',
1315 silly audit report       vulnerable_versions: '<=6.4.2',
1315 silly audit report       cwe: [Array],
1315 silly audit report       cvss: [Object]
1315 silly audit report     }
1315 silly audit report   ],
1315 silly audit report   esbuild: [
1315 silly audit report     {
1315 silly audit report       id: 1102341,
1315 silly audit report       url: 'https://github.com/advisories/GHSA-67mh-4wv8-2f99',
1315 silly audit report       title: 'esbuild enables any website to send any requests to the development server and read the response',
1315 silly audit report       severity: 'moderate',
1315 silly audit report       vulnerable_versions: '<=0.24.2',
1315 silly audit report       cwe: [Array],
1315 silly audit report       cvss: [Object]
1315 silly audit report     }
1315 silly audit report   ]
1315 silly audit report }
1316 silly packumentCache corgi:https://registry.npmjs.org/vite cache-miss
1317 silly packumentCache corgi:https://registry.npmjs.org/esbuild cache-miss
1318 http fetch GET 200 https://registry.npmjs.org/mz/-/mz-2.7.0.tgz 567ms (cache miss)
1319 http fetch GET 200 https://registry.npmjs.org/lines-and-columns/-/lines-and-columns-1.2.4.tgz 568ms (cache miss)
1320 http fetch GET 200 https://registry.npmjs.org/commander/-/commander-4.1.1.tgz 617ms (cache miss)
1321 http fetch GET 200 https://registry.npmjs.org/cssesc/-/cssesc-3.0.0.tgz 659ms (cache miss)
1322 http fetch GET 200 https://registry.npmjs.org/thenify-all/-/thenify-all-1.6.0.tgz 672ms (cache miss)
1323 http fetch GET 200 https://registry.npmjs.org/queue-microtask/-/queue-microtask-1.2.3.tgz 668ms (cache miss)
1324 http fetch GET 200 https://registry.npmjs.org/thenify/-/thenify-3.3.1.tgz 727ms (cache miss)
1325 http fetch GET 200 https://registry.npmjs.org/escalade/-/escalade-3.2.0.tgz 728ms (cache miss)
1326 http fetch GET 200 https://registry.npmjs.org/is-number/-/is-number-7.0.0.tgz 724ms (cache miss)
1327 http fetch GET 200 https://registry.npmjs.org/fill-range/-/fill-range-7.1.1.tgz 700ms (cache miss)
1328 http fetch GET 200 https://registry.npmjs.org/is-core-module/-/is-core-module-2.16.2.tgz 778ms (cache miss)
1329 http fetch GET 200 https://registry.npmjs.org/pirates/-/pirates-4.0.7.tgz 783ms (cache miss)
1330 http fetch GET 200 https://registry.npmjs.org/object-assign/-/object-assign-4.1.1.tgz 786ms (cache miss)
1331 http fetch GET 200 https://registry.npmjs.org/is-extglob/-/is-extglob-2.1.1.tgz 773ms (cache miss)
1332 http fetch GET 200 https://registry.npmjs.org/tinyglobby/-/tinyglobby-0.2.17.tgz 815ms (cache miss)
1333 http fetch GET 200 https://registry.npmjs.org/path-parse/-/path-parse-1.0.7.tgz 835ms (cache miss)
1334 http fetch GET 200 https://registry.npmjs.org/util-deprecate/-/util-deprecate-1.0.2.tgz 831ms (cache miss)
1335 http fetch GET 200 https://registry.npmjs.org/read-cache/-/read-cache-1.0.2.tgz 829ms (cache miss)
1336 http fetch GET 200 https://registry.npmjs.org/@nodelib/fs.stat/-/fs.stat-2.0.5.tgz 824ms (cache miss)
1337 http fetch GET 200 https://registry.npmjs.org/is-binary-path/-/is-binary-path-2.1.0.tgz 817ms (cache miss)
1338 http fetch GET 200 https://registry.npmjs.org/normalize-path/-/normalize-path-3.0.0.tgz 812ms (cache miss)
1339 http fetch GET 200 https://registry.npmjs.org/hasown/-/hasown-2.0.4.tgz 854ms (cache miss)
1340 http fetch GET 200 https://registry.npmjs.org/run-parallel/-/run-parallel-1.2.0.tgz 845ms (cache miss)
1341 http fetch GET 200 https://registry.npmjs.org/@types/estree/-/estree-1.0.9.tgz 872ms (cache miss)
1342 http fetch GET 200 https://registry.npmjs.org/supports-preserve-symlinks-flag/-/supports-preserve-symlinks-flag-1.0.0.tgz 866ms (cache miss)
1343 http fetch GET 200 https://registry.npmjs.org/camelcase-css/-/camelcase-css-2.0.1.tgz 859ms (cache miss)
1344 http fetch GET 200 https://registry.npmjs.org/binary-extensions/-/binary-extensions-2.3.0.tgz 858ms (cache miss)
1345 http fetch GET 200 https://registry.npmjs.org/to-regex-range/-/to-regex-range-5.0.1.tgz 858ms (cache miss)
1346 http fetch GET 200 https://registry.npmjs.org/anymatch/-/anymatch-3.1.3.tgz 845ms (cache miss)
1347 http fetch GET 200 https://registry.npmjs.org/postcss-nested/-/postcss-nested-6.2.0.tgz 843ms (cache miss)
1348 http fetch GET 200 https://registry.npmjs.org/didyoumean/-/didyoumean-1.2.2.tgz 832ms (cache miss)
1349 http fetch GET 200 https://registry.npmjs.org/arg/-/arg-5.0.2.tgz 831ms (cache miss)
1350 http fetch GET 200 https://registry.npmjs.org/merge2/-/merge2-1.4.1.tgz 864ms (cache miss)
1351 http fetch GET 200 https://registry.npmjs.org/postcss-js/-/postcss-js-4.1.0.tgz 865ms (cache miss)
1352 http fetch GET 200 https://registry.npmjs.org/micromatch/-/micromatch-4.0.8.tgz 863ms (cache miss)
1353 http fetch GET 200 https://registry.npmjs.org/postcss-import/-/postcss-import-15.1.0.tgz 866ms (cache miss)
1354 http fetch GET 200 https://registry.npmjs.org/dlv/-/dlv-1.1.3.tgz 856ms (cache miss)
1355 http fetch GET 200 https://registry.npmjs.org/yallist/-/yallist-3.1.1.tgz 860ms (cache miss)
1356 http fetch GET 200 https://registry.npmjs.org/ms/-/ms-2.1.3.tgz 855ms (cache miss)
1357 http fetch GET 200 https://registry.npmjs.org/reusify/-/reusify-1.1.0.tgz 898ms (cache miss)
1358 http fetch GET 200 https://registry.npmjs.org/glob-parent/-/glob-parent-6.0.2.tgz 875ms (cache miss)
1359 http fetch GET 200 https://registry.npmjs.org/is-glob/-/is-glob-4.0.3.tgz 876ms (cache miss)
1360 http fetch GET 200 https://registry.npmjs.org/loose-envify/-/loose-envify-1.4.0.tgz 872ms (cache miss)
1361 http fetch GET 200 https://registry.npmjs.org/@types/babel__template/-/babel__template-7.4.4.tgz 854ms (cache miss)
1362 http fetch GET 200 https://registry.npmjs.org/@babel/helper-globals/-/helper-globals-7.29.7.tgz 847ms (cache miss)
1363 http fetch GET 200 https://registry.npmjs.org/readdirp/-/readdirp-3.6.0.tgz 897ms (cache miss)
1364 http fetch GET 200 https://registry.npmjs.org/postcss-load-config/-/postcss-load-config-6.0.1.tgz 894ms (cache miss)
1365 http fetch GET 200 https://registry.npmjs.org/lilconfig/-/lilconfig-3.1.3.tgz 891ms (cache miss)
1366 http fetch GET 200 https://registry.npmjs.org/@alloc/quick-lru/-/quick-lru-5.3.0.tgz 882ms (cache miss)
1367 http fetch GET 200 https://registry.npmjs.org/@jridgewell/resolve-uri/-/resolve-uri-3.1.2.tgz 860ms (cache miss)
1368 http fetch GET 200 https://registry.npmjs.org/@types/babel__traverse/-/babel__traverse-7.28.0.tgz 871ms (cache miss)
1369 http fetch GET 200 https://registry.npmjs.org/@types/babel__generator/-/babel__generator-7.27.0.tgz 869ms (cache miss)
1370 http fetch GET 200 https://registry.npmjs.org/@babel/helper-plugin-utils/-/helper-plugin-utils-7.29.7.tgz 863ms (cache miss)
1371 http fetch GET 200 https://registry.npmjs.org/convert-source-map/-/convert-source-map-2.0.0.tgz 839ms (cache miss)
1372 http fetch GET 200 https://registry.npmjs.org/postcss-value-parser/-/postcss-value-parser-4.2.0.tgz 882ms (cache miss)
1373 http fetch GET 200 https://registry.npmjs.org/jsesc/-/jsesc-3.1.0.tgz 860ms (cache miss)
1374 http fetch GET 200 https://registry.npmjs.org/@babel/helper-validator-identifier/-/helper-validator-identifier-7.29.7.tgz 849ms (cache miss)
1375 http fetch GET 200 https://registry.npmjs.org/semver/-/semver-6.3.1.tgz 849ms (cache miss)
1376 http fetch GET 200 https://registry.npmjs.org/picocolors/-/picocolors-1.1.1.tgz 851ms (cache miss)
1377 http fetch GET 200 https://registry.npmjs.org/node-releases/-/node-releases-2.0.55.tgz 896ms (cache miss)
1378 http fetch GET 200 https://registry.npmjs.org/lru-cache/-/lru-cache-5.1.1.tgz 874ms (cache miss)
1379 http fetch GET 200 https://registry.npmjs.org/js-tokens/-/js-tokens-4.0.0.tgz 860ms (cache miss)
1380 http fetch GET 200 https://registry.npmjs.org/@babel/plugin-transform-react-jsx-self/-/plugin-transform-react-jsx-self-7.29.7.tgz 852ms (cache miss)
1381 http fetch GET 200 https://registry.npmjs.org/gensync/-/gensync-1.0.0-beta.2.tgz 866ms (cache miss)
1382 http fetch GET 200 https://registry.npmjs.org/@babel/code-frame/-/code-frame-7.29.7.tgz 862ms (cache miss)
1383 http fetch GET 200 https://registry.npmjs.org/function-bind/-/function-bind-1.1.2.tgz 962ms (cache miss)
1384 http fetch GET 200 https://registry.npmjs.org/es-errors/-/es-errors-1.3.0.tgz 960ms (cache miss)
1385 http fetch GET 200 https://registry.npmjs.org/fastq/-/fastq-1.20.3.tgz 950ms (cache miss)
1386 http fetch GET 200 https://registry.npmjs.org/react-refresh/-/react-refresh-0.17.0.tgz 869ms (cache miss)
1387 http fetch GET 200 https://registry.npmjs.org/@types/prop-types/-/prop-types-15.7.15.tgz 864ms (cache miss)
1388 http fetch GET 200 https://registry.npmjs.org/update-browserslist-db/-/update-browserslist-db-1.3.3.tgz 921ms (cache miss)
1389 http fetch GET 200 https://registry.npmjs.org/@babel/helper-string-parser/-/helper-string-parser-7.29.7.tgz 908ms (cache miss)
1390 http fetch GET 200 https://registry.npmjs.org/@babel/helper-validator-option/-/helper-validator-option-7.29.7.tgz 896ms (cache miss)
1391 http fetch GET 200 https://registry.npmjs.org/@rolldown/pluginutils/-/pluginutils-1.0.0-beta.27.tgz 876ms (cache miss)
1392 http fetch GET 200 https://registry.npmjs.org/@types/react-dom/-/react-dom-18.3.7.tgz 859ms (cache miss)
1393 http fetch GET 200 https://registry.npmjs.org/@types/babel__core/-/babel__core-7.20.5.tgz 883ms (cache miss)
1394 http fetch GET 200 https://registry.npmjs.org/glob-parent/-/glob-parent-5.1.2.tgz 864ms (cache miss)
1395 http fetch GET 200 https://registry.npmjs.org/@babel/plugin-transform-react-jsx-source/-/plugin-transform-react-jsx-source-7.29.7.tgz 888ms (cache miss)
1396 http fetch GET 200 https://registry.npmjs.org/fdir/-/fdir-6.5.0.tgz 869ms (cache miss)
1397 http fetch GET 200 https://registry.npmjs.org/ts-interface-checker/-/ts-interface-checker-0.1.13.tgz 992ms (cache miss)
1398 http fetch GET 200 https://registry.npmjs.org/@babel/compat-data/-/compat-data-7.29.7.tgz 914ms (cache miss)
1399 http fetch GET 200 https://registry.npmjs.org/@vitejs/plugin-react/-/plugin-react-4.7.0.tgz 880ms (cache miss)
1400 http fetch GET 200 https://registry.npmjs.org/picomatch/-/picomatch-4.0.7.tgz 879ms (cache miss)
1401 http fetch GET 200 https://registry.npmjs.org/object-hash/-/object-hash-3.0.0.tgz 970ms (cache miss)
1402 http fetch GET 200 https://registry.npmjs.org/chokidar/-/chokidar-3.6.0.tgz 966ms (cache miss)
1403 http fetch GET 200 https://registry.npmjs.org/browserslist/-/browserslist-4.28.9.tgz 940ms (cache miss)
1404 http fetch GET 200 https://registry.npmjs.org/glob-parent/-/glob-parent-5.1.2.tgz 899ms (cache miss)
1405 http fetch GET 200 https://registry.npmjs.org/@babel/helper-compilation-targets/-/helper-compilation-targets-7.29.7.tgz 931ms (cache miss)
1406 http fetch GET 200 https://registry.npmjs.org/esbuild/-/esbuild-0.21.5.tgz 1042ms (cache miss)
1407 http fetch GET 200 https://registry.npmjs.org/@nodelib/fs.scandir/-/fs.scandir-2.1.5.tgz 1018ms (cache miss)
1408 http fetch GET 200 https://registry.npmjs.org/nanoid/-/nanoid-3.3.19.tgz 999ms (cache miss)
1409 http fetch GET 200 https://registry.npmjs.org/source-map-js/-/source-map-js-1.2.1.tgz 1000ms (cache miss)
1410 http fetch GET 200 https://registry.npmjs.org/iceberg-js/-/iceberg-js-0.8.1.tgz 943ms (cache miss)
1411 http fetch GET 200 https://registry.npmjs.org/tslib/-/tslib-2.8.1.tgz 941ms (cache miss)
1412 http fetch GET 200 https://registry.npmjs.org/any-promise/-/any-promise-1.3.0.tgz 1053ms (cache miss)
1413 http fetch GET 200 https://registry.npmjs.org/braces/-/braces-3.0.3.tgz 1030ms (cache miss)
1414 http fetch GET 200 https://registry.npmjs.org/debug/-/debug-4.4.3.tgz 964ms (cache miss)
1415 http fetch GET 200 https://registry.npmjs.org/scheduler/-/scheduler-0.23.2.tgz 1019ms (cache miss)
1416 http fetch GET 200 https://registry.npmjs.org/baseline-browser-mapping/-/baseline-browser-mapping-2.11.22.tgz 1014ms (cache miss)
1417 http fetch GET 200 https://registry.npmjs.org/fraction.js/-/fraction.js-5.3.4.tgz 1012ms (cache miss)
1418 http fetch GET 200 https://registry.npmjs.org/@babel/helper-module-imports/-/helper-module-imports-7.29.7.tgz 995ms (cache miss)
1419 http fetch GET 200 https://registry.npmjs.org/picomatch/-/picomatch-2.3.2.tgz 1052ms (cache miss)
1420 http fetch GET 200 https://registry.npmjs.org/electron-to-chromium/-/electron-to-chromium-1.5.427.tgz 1021ms (cache miss)
1421 http fetch GET 200 https://registry.npmjs.org/@babel/template/-/template-7.29.7.tgz 988ms (cache miss)
1422 http fetch GET 200 https://registry.npmjs.org/@jridgewell/sourcemap-codec/-/sourcemap-codec-1.6.0.tgz 1039ms (cache miss)
1423 http fetch GET 200 https://registry.npmjs.org/@jridgewell/remapping/-/remapping-2.3.5.tgz 1017ms (cache miss)
1424 http fetch GET 200 https://registry.npmjs.org/@nodelib/fs.walk/-/fs.walk-1.2.8.tgz 992ms (cache miss)
1425 http fetch GET 200 https://registry.npmjs.org/@babel/helper-module-transforms/-/helper-module-transforms-7.29.7.tgz 1026ms (cache miss)
1426 http fetch GET 200 https://registry.npmjs.org/@jridgewell/gen-mapping/-/gen-mapping-0.3.13.tgz 1035ms (cache miss)
1427 http fetch GET 200 https://registry.npmjs.org/react/-/react-18.3.1.tgz 1025ms (cache miss)
1428 http fetch GET 200 https://registry.npmjs.org/@types/react/-/react-18.3.31.tgz 1044ms (cache miss)
1429 http fetch GET 200 https://registry.npmjs.org/json5/-/json5-2.2.3.tgz 1072ms (cache miss)
1430 http fetch GET 200 https://registry.npmjs.org/@jridgewell/trace-mapping/-/trace-mapping-0.3.31.tgz 1096ms (cache miss)
1431 http fetch GET 200 https://registry.npmjs.org/postcss-selector-parser/-/postcss-selector-parser-6.1.4.tgz 1210ms (cache miss)
1432 http fetch GET 200 https://registry.npmjs.org/fast-glob/-/fast-glob-3.3.3.tgz 1199ms (cache miss)
1433 http fetch GET 200 https://registry.npmjs.org/esbuild 989ms (cache miss)
1434 silly packumentCache corgi:https://registry.npmjs.org/esbuild set size:undefined disposed:false
1435 http fetch GET 200 https://registry.npmjs.org/csstype/-/csstype-3.2.3.tgz 1188ms (cache miss)
1436 http fetch GET 200 https://registry.npmjs.org/postcss/-/postcss-8.5.28.tgz 1178ms (cache miss)
1437 http fetch GET 200 https://registry.npmjs.org/@supabase/functions-js/-/functions-js-2.109.0.tgz 1202ms (cache miss)
1438 http fetch GET 200 https://registry.npmjs.org/@supabase/supabase-js/-/supabase-js-2.109.0.tgz 1198ms (cache miss)
1439 http fetch GET 200 https://registry.npmjs.org/@supabase/phoenix/-/phoenix-0.4.4.tgz 1213ms (cache miss)
1440 http fetch GET 200 https://registry.npmjs.org/@babel/generator/-/generator-7.29.8.tgz 1228ms (cache miss)
1441 http fetch GET 200 https://registry.npmjs.org/autoprefixer/-/autoprefixer-10.5.6.tgz 1215ms (cache miss)
1442 http fetch GET 200 https://registry.npmjs.org/@rollup/rollup-linux-x64-gnu/-/rollup-linux-x64-gnu-4.63.2.tgz 1362ms (cache miss)
1443 http fetch GET 200 https://registry.npmjs.org/@supabase/storage-js/-/storage-js-2.109.0.tgz 1256ms (cache miss)
1444 http fetch GET 200 https://registry.npmjs.org/@babel/parser/-/parser-7.29.8.tgz 1298ms (cache miss)
1445 http fetch GET 200 https://registry.npmjs.org/@supabase/postgrest-js/-/postgrest-js-2.109.0.tgz 1288ms (cache miss)
1446 http fetch GET 200 https://registry.npmjs.org/@babel/traverse/-/traverse-7.29.8.tgz 1334ms (cache miss)
1447 http fetch GET 200 https://registry.npmjs.org/jiti/-/jiti-1.21.7.tgz 1397ms (cache miss)
1448 http fetch GET 200 https://registry.npmjs.org/vite 1184ms (cache miss)
1449 silly packumentCache corgi:https://registry.npmjs.org/vite set size:undefined disposed:false
1450 silly packumentCache corgi:https://registry.npmjs.org/@vitejs%2fplugin-react cache-miss
1451 http fetch GET 200 https://registry.npmjs.org/resolve/-/resolve-1.22.12.tgz 1584ms (cache miss)
1452 http fetch GET 200 https://registry.npmjs.org/@babel/core/-/core-7.29.7.tgz 1527ms (cache miss)
1453 http fetch GET 200 https://registry.npmjs.org/@vitejs%2fplugin-react 112ms (cache miss)
1454 silly packumentCache corgi:https://registry.npmjs.org/@vitejs%2fplugin-react set size:undefined disposed:false
1455 http fetch GET 200 https://registry.npmjs.org/rollup/-/rollup-4.63.2.tgz 1687ms (cache miss)
1456 http fetch GET 200 https://registry.npmjs.org/@supabase/realtime-js/-/realtime-js-2.109.0.tgz 1581ms (cache miss)
1457 http fetch GET 200 https://registry.npmjs.org/vite/-/vite-5.4.21.tgz 1658ms (cache miss)
1458 http fetch GET 200 https://registry.npmjs.org/@babel/helpers/-/helpers-7.29.7.tgz 1703ms (cache miss)
1459 http fetch GET 200 https://registry.npmjs.org/react-dom/-/react-dom-18.3.1.tgz 1703ms (cache miss)
1460 http fetch GET 200 https://registry.npmjs.org/sucrase/-/sucrase-3.35.1.tgz 1807ms (cache miss)
1461 http fetch GET 200 https://registry.npmjs.org/@supabase/auth-js/-/auth-js-2.109.0.tgz 1753ms (cache miss)
1462 http fetch GET 200 https://registry.npmjs.org/@babel/types/-/types-7.29.8.tgz 1772ms (cache miss)
1463 http fetch GET 200 https://registry.npmjs.org/tailwindcss/-/tailwindcss-3.4.19.tgz 1845ms (cache miss)
1464 http fetch GET 200 https://registry.npmjs.org/@esbuild/linux-x64/-/linux-x64-0.21.5.tgz 1987ms (cache miss)
1465 http fetch GET 200 https://registry.npmjs.org/caniuse-lite/-/caniuse-lite-1.0.30001810.tgz 1967ms (cache miss)
1466 http fetch GET 200 https://registry.npmjs.org/typescript/-/typescript-5.9.3.tgz 2008ms (cache miss)
1467 info run esbuild@0.21.5 postinstall node_modules/esbuild node install.js
1468 info run esbuild@0.21.5 postinstall { code: 0, signal: null }
1469 verbose cwd /home/user
1470 verbose os Linux 6.1.158+
1471 verbose node v20.20.2
1472 verbose npm  v10.8.2
1473 notice
1473 notice New major version of npm available! 10.8.2 -> 12.0.2
1473 notice Changelog: https://github.com/npm/cli/releases/tag/v12.0.2
1473 notice To update run: npm install -g npm@12.0.2
1473 notice  { force: true, [Symbol(proc-log.meta)]: true }
1474 verbose exit 0
1475 info ok
